PC1,PC2,Ticker,Cluster
-2.0342759896989255,-0.012433654561431078,NEWM,0
-1.180221822084075,-0.055091510365947234,DMO,0
4.841416782897004,0.14211886962919645,VMW,3
4.654538723466003,-0.20594599568959673,CCI,3
-0.35451764850947864,-0.12969321300792497,MNK,0
3.0651805252198745,0.26526956454949707,CMD,3
-2.607414684285245,-0.023947288335531648,MTU,0
-2.661886600738169,-0.006017336569187205,XIN,0
-2.3655786947587454,-0.02993118165652836,INB,0
-1.6766984544338206,-0.06262316688400912,BOX,0
-1.4651631089681971,-0.04049443408032505,KBH,0
-1.1574038827069297,-0.03962398900908034,DTJ,0
2.7417168604553703,0.06338301787556386,ARW,3
-2.0489850438166717,-0.0009623223284162718,PGTI,0
-0.11875897731830794,0.014348986151455266,NLSN,0
1.818170376349847,0.13136435855293688,SLB,0
-2.7187138144005374,-0.03664256014097118,ONDK,0
-0.4825650975761534,0.008102659723390986,CAA,0
-2.3878943849948016,-0.035105877827261,SNR,0
-0.6451529042403817,0.021160248711263926,BHE,0
1.1957975504982437,0.05867557143191458,TGT,0
-0.9791881361755722,-0.029563166173153514,RZB,0
-2.621098948444607,-0.04132469137515191,IRET,0
-1.1471662865717172,-0.03282140227860222,MHLA,0
-1.9134069474167874,-0.012556523228894187,EDI,0
-0.33237909486489525,0.06530829744089602,GWB,0
-1.1754522864193373,-0.030901332252408126,AFC,0
-1.3088060916748119,-0.05100270152448263,WLKP,0
0.09230535885371156,-0.18952988451439415,AHL,0
-1.9465498149516103,-0.031219465694343133,BAF,0
-1.3239528447544908,-0.04044566819511027,BBN,0
2.936126546277986,-0.26354790512443266,KOF,3
3.5820061822169684,0.3055389398072962,KAI,3
-2.2138810587503492,-0.04850070744100972,PAH,0
6.191484526214524,0.28984255545534415,HRS,3
-2.895804105450739,-0.03820111543022592,SXE,0
-1.906320933222494,0.012443615128811637,NCI,0
-2.8708011758749747,-0.035254838273108526,LUB,0
-2.5509770537394076,-0.03261467708143546,GNT,0
0.0027454041522488168,0.17303110307527567,HES,0
-2.359334839281639,0.0073302912179300924,OOMA,0
0.31485277223291436,0.14141461860901056,COP,0
1.4633940984135665,-0.143898742965889,UAL,0
3.7999247868145476,0.2527531648578779,JBT,3
-2.4282606845153363,-0.01403622943941404,PVG,0
-1.4117682049693798,-0.008606834487016891,NHF,0
0.34328745739298316,-0.0019764374295325655,CIB,0
1.490975096686437,-0.02196209079997001,PAM,0
0.2834696454477216,-0.024297019856370082,BID,0
-2.5312124107421816,-0.0335391253213767,FT,0
-1.888739053727784,0.006851341508889316,PGEM,0
0.6040969484762807,0.030007102213741303,RPM,0
-2.3366517799415862,-0.03447859755091292,CBH,0
-2.160383845106591,-0.0399688505256417,NTC,0
-2.6332357709818672,-0.04510105125763526,WIT,0
-1.1124801951364902,0.07340560992316462,LPX,0
-0.8577654177826873,-0.015619282551324934,GPT,0
-2.9576701399482093,-0.03790963471513392,DAC,0
-2.229902324243021,-0.022926783475072304,ETY,0
1.8240610700707711,-0.011869308986096968,DYNC,0
-2.1132361085064124,0.021362079675723844,RGS,0
-0.07565625024256577,0.0892567226791215,FLS,0
8.18245139090625,0.19383987364842367,SAM,3
-0.8040493889210756,0.012135945943616517,TTM,0
-1.3794776510881301,-0.0026396306770718457,ALLY,0
-2.0539911177352774,-0.031475281561939315,BGT,0
2.7781045409590406,0.08290821587132283,XOM,3
2.8092256733377683,0.04861435778567444,TNH,3
6.081315254860088,0.5794399036759632,URI,3
-1.155124131172671,-0.027737675211286457,TDI,0
-1.7194262307998525,-0.010733176522117048,APTS,0
2.7206168579161063,0.031230942216866717,EXR,3
-2.7315315013005312,-0.02416528852744372,SN,0
-1.218930527385918,-0.018397594710174128,HQH,0
1.3047050871294892,-0.12290322825615668,PF,0
5.3190989548329926,-0.2426336715250046,COR,3
-2.798918853061461,-0.0197312828568287,NDRO,0
-2.904320664284265,-0.03470381800026593,ECT,0
6.966270600827384,0.042004823468705495,RGA,3
-1.1949812738451995,-0.03796854328276815,TCRX,0
-2.825432089641903,0.006275965751752942,HOS,0
-1.7189820775279894,-0.049215729351081886,PGZ,0
-1.9528056264229168,-0.03737638165419811,BFO,0
-2.005232633941135,-0.025425188395033327,ACP,0
0.5679802978380187,0.08467094150032738,RGR,0
-2.4549315219590384,-0.016527060675751354,JMLP,0
-2.358859534053481,-0.04170138721914014,TI,0
-2.0308162763664135,-0.03759340225802134,AFB,0
-2.9601884677099495,-0.03859673546577635,ZX,0
-2.6141377918857107,-0.03532862150383829,ASX,0
-1.4669352883535052,-0.014181455098825211,NSH,0
-2.4118368286560936,-0.03207945577587701,KMM,0
-2.062353333952434,-0.03419102136527922,NMZ,0
-2.6543768361651727,-0.023209395151360942,GCV,0
-1.8319157531660488,0.005329727138838275,TG,0
-1.977248236292898,-0.02898849859681186,BYM,0
-2.1129647645104233,-0.04013140218673328,KTF,0
2.4970262795420797,-0.06893776600284991,ALK,3
-1.7332992296401677,-0.021692291680903076,ING,0
-2.0187707781136037,-0.035772686229073244,MMU,0
-2.6343479497491478,-0.02762095883763164,ENIC,0
-2.597210553042567,-0.030014407833555443,GCAP,0
-1.9727594293034802,-0.0499413576022295,MFT,0
-1.8256692758726172,-0.05723209700887824,COTY,0
-1.8241263960942118,-0.02966012930284637,FSD,0
-2.8128019732675993,0.008335168786983913,BBG,0
5.843238225309979,0.21450466102424104,CEO,3
-1.2084397499121935,-0.03533511718056084,KAP,0
-1.937407071257302,-0.028501807422493846,HYI,0
55.39712501944223,-1.9434160178359767,AGN-PA,2
-1.6684409983929793,0.024232953524268536,MYE,0
-1.9032524607020893,-0.041092759379911886,MQY,0
-1.4637621750903225,-0.010792131164592267,GDV,0
3.834615033183208,0.23685172708145508,LYB,3
-2.587715495613772,0.0030160499665384064,MDR,0
-0.9338843582093157,0.02104531972210073,HMC,0
3.327195450553475,0.18648860000516962,PSX,3
-1.1609069412487183,-0.022190626744245528,PKO,0
1.700557259190249,0.0529991095327025,AME,0
0.04785087605416022,-0.061423692673825324,BHP,0
-0.19431974330962667,-0.04212689101431204,GLOB,0
0.05583192558246164,0.18016270279721763,GNRC,0
1.7677674260178742,0.034992483427655055,TSN,0
-0.29361664506246804,0.048167055374406825,EBS,0
-2.5869006727172668,-0.030789883540901695,AWP,0
-1.9415697592928765,0.06680796252677032,SOI,0
-1.9992148835632257,-0.03601951255063852,NMT,0
-1.2099686741185887,-0.032304616130624,EAB,0
-2.1640359715381186,-0.026004916115311746,PNI,0
1.4400597236946422,0.09440013732927685,BMY,0
-2.7413999351865805,-0.07130155403619431,VSLR,0
-1.4011034757376075,-0.0029758144029276286,CNO,0
-0.9812760958008434,0.008854254789317508,OMI,0
-2.9109259797103837,-0.03487845911313848,LEE,0
20.008075505173853,0.02619364809726652,CMG,3
-2.0050275727221463,-0.03786221084629127,EVG,0
16.240765135053476,-0.4177143152789337,ESS,3
-1.925907929213222,-0.03247425369840129,NPN,0
-1.188878804504853,-0.033537742660308546,MFO,0
-1.4925726661535528,0.047315079316482614,KRO,0
-2.306272076368291,-0.02799601527942863,WMC,0
-2.4169803078398178,-0.030751932868235042,PCF,0
-2.106240404626691,-0.02096117647424663,TPH,0
-2.091410687662382,-0.04038270628557145,VMO,0
1.1460993622851428,-0.049209804318774995,MCY,0
-2.5638641826162645,-0.016439224588487712,RBS,0
-2.180486003694784,-0.007226124137686621,CLS,0
0.36974602859069833,0.03900889254466908,MS,0
-2.716129476773653,-0.04451145832975915,ANW,0
-2.6472946661194587,-0.03290740381773395,JE,0
7.47619218105831,-0.27105857521022664,AMT,3
0.000955810117559275,0.10127272087747052,ITT,0
-1.0983127002390383,-0.029323636890980744,CTAA,0
-2.141455651059026,-0.026696353667331113,ZF,0
-2.197324390220639,-0.035312314666868384,PHD,0
1.9551813809543181,-0.24092856740341756,SAIC,0
-1.2257846171424767,0.05482286998359906,ATU,0
-1.5138731284011995,0.004763822892847409,WNC,0
-1.9406005218323812,-0.0011485108245198165,IDE,0
-1.9162702055147458,0.02870097349620459,GES,0
2.6225790785683274,0.05853982992754626,PRI,3
-0.8562009453083046,-0.04497642040935844,GMED,0
1.451863756955408,-0.08293316561638252,SHI,0
-1.3673797355725767,0.008874502017986409,DSX-PB,0
-2.6314329297291703,-0.029864612428434033,KFS,0
-1.9110423103273038,-0.042116022285239765,NXC,0
-2.2937986862492457,-0.05082396195212028,CSTM,0
7.465237263244581,-0.051650759425721095,CB,3
-2.3189870022365655,-0.03268314460788945,EHT,0
-2.3084962102940563,-0.03369394879277586,NUV,0
1.7158487412138104,0.18044039572995405,WTS,0
-1.1949811975445763,-0.0347615221232897,CTBB,0
-2.240896611601873,-0.02521809682641189,LOR,0
-0.19089796659799943,0.0436353767269795,SWM,0
-1.082728174623852,0.07928294191480083,TDW,0
3.4197754390510857,0.028392454746284813,NVRO,3
0.09318315096623678,-0.0010450895518186495,LAZ,0
3.278112395489663,0.06520174822024843,CM,3
0.17592297542042676,-0.07772043238473426,WMK,0
-2.1018516376134078,-0.022471584964994556,NFJ,0
-2.251928111632402,-0.009169634361263152,ECOM,0
-1.697541023869571,-0.01200440097676807,FDEU,0
-1.7261915105935606,-0.02311931692999406,HT,0
-0.19327552128769313,0.0239632889891076,MTRN,0
-2.109082810831006,-0.0348983397743694,EVN,0
-1.991543803539907,-0.019265261750444105,ARA,0
-0.3610509016465409,0.05385053914448716,BHVN,0
-1.210428119611451,-0.04482748650341368,EAE,0
-2.5185823606003224,-0.01645099563544794,AMRC,0
-1.9657364375833128,-0.03197047903222275,PFD,0
1.2073583596647768,0.039851123762763375,ORA,0
7.190743507091271,0.0444247915679383,HON,3
-1.6260190807741919,-0.004772443678204164,STAY,0
7.364074931994944,0.29183387446389025,KWR,3
-2.273249554716586,-0.030360529098472068,DRH,0
-0.8264154084671095,-0.03981055700815935,BBU,0
13.688627522218548,0.8428582976230412,TFX,3
-2.9176383899250946,-0.026799545224117358,PQ,0
-2.121207046332754,-0.02328153613788595,WSR,0
-2.0755215827179145,-0.0201240899936868,AHH,0
4.568755543907153,0.36702317176501403,LCII,3
-2.2339311137552698,-0.03969218594901453,MX,0
-1.861352377992654,-0.04468819326305775,RWT,0
-1.0402549232934108,-0.07090304873708406,CCU,0
-2.467107283071492,-0.07484305600894839,HBM,0
-0.6461282541296992,-0.032778670493461975,WRE,0
-2.6747388609671776,-0.020160445218277805,TAHO,0
-1.1059105657575856,-0.036850872232201674,GDV-PA,0
-2.3246039685186815,-0.03519405882576541,NHA,0
9.65060449527064,-0.16948880918781384,WCG,3
-2.206344522295325,-0.036530527511305075,SRT,0
-1.2928639446341659,-0.017428523767830915,CUDA,0
-0.9211381790538925,0.012526844622585116,GPX,0
2.09855005160825,0.14078164839226756,AGCO,3
1.0734964154132591,0.1085415687026301,ESE,0
-1.2262874380054818,0.07720012140408576,NGS,0
0.5149824163068792,-0.11688964564096554,VR,0
-1.3531096696533487,-0.04391718693317964,GYB,0
5.544858401892168,0.18009005328157177,TM,3
-1.9842280715047147,-0.02471542878598038,BQH,0
-2.327475823971324,-0.05249336117011687,TKF,0
-2.46989037971956,-0.035593152571943315,ABR,0
-1.065933213805885,-0.04641969890700056,UZC,0
-1.134255642617274,-0.061720818857481624,BYD,0
1.8878021725102179,-0.08170169513935165,EQR,0
-2.1034953781435233,0.0556871650244846,ANF,0
-2.880715893244578,-0.038943994044074066,AVP,0
0.5365716617284484,-0.0339429402649957,ANDX,0
-2.50125002438397,-0.03637264975494102,AMBR,0
-2.317037463487035,-0.022804102288070335,MIE,0
-2.1480104002602065,-0.02866826882778366,GRR,0
5.933604340171987,-1.3047935559739803,EFX,3
1.9476341876877157,0.10607161298234105,WCN,0
-1.1329691843021878,-0.09137283960315083,SKX,0
-1.4988522628710557,-0.04109879982144354,PYT,0
-0.5630766401052321,-0.04823649685872847,WTR,0
0.726712068347732,-0.0058514767234032795,GIB,0
-2.1102806850336386,-0.025295760530155725,MPW,0
-1.1614243060304532,-0.03492698067607505,PRH,0
-1.2318489188889572,-0.06745204487180292,SKM,0
-0.308106098491497,-0.004301420417169315,AEUA,0
-1.9872558147103938,-0.029229847298215178,MPV,0
-1.9754953770098305,0.0021819333605078524,RVT,0
-0.4694799675128008,-0.0038842266061654145,GAM,0
1.7096684116264198,0.005681819700613316,A,0
-2.274417130857945,-0.02690137566997202,USDP,0
3.4190178588353426,0.058446751709430186,PEN,3
-2.073498623646879,-0.047758305234192965,OR,0
-2.8723854569996847,-0.04455188436665656,LITB,0
0.8935408842167919,0.05860078280559931,CBT,0
-2.0810384379106384,-0.03406423709589368,DMB,0
0.9658047779037772,-0.033959399406798936,NUE,0
-0.3056385466572624,-0.018701823099933238,TR,0
-1.4394913421136666,0.17893950892499158,MTOR,0
-2.1006098819006,-0.07080504819793736,GNK,0
-1.5408125515743025,-0.011603208489214457,KREF,0
-0.49137642074168636,-0.005012702474626218,INT,0
-2.3436111391993215,-0.019785626170079992,ORC,0
0.5740207106370447,-0.022211684399570986,SO,0
0.19516811876605458,0.04713389105974269,GBX,0
-2.205737344091391,-0.0318325999851716,JRO,0
1.4508618869886467,0.011922700173695696,NUS,0
-1.9367926114265048,-0.023278167737447175,SPXX,0
-2.456227788421263,-0.009173604942076478,GPRK,0
-1.9906047638954947,-0.029175048691744827,CRT,0
-2.208330692437254,-0.02966402049901631,MRT,0
7.393687276383569,0.2847731028442078,ITW,3
-0.22960529199477275,-0.008957368610545089,CNS,0
-1.9710313772713273,-0.03485420428923622,NEV,0
-2.0171780350315607,-0.03753506895217199,AJX,0
-2.597047566729193,-0.04132096192906541,STON,0
-2.212909763111389,-0.02415104366696005,DEX,0
7.4343093504329225,-0.060180439394045195,SYK,3
-2.25569514249736,-0.04903445528028591,ENZ,0
1.1982497650517177,-0.06379499624977161,NFG,0
-1.5156904237745712,-0.0354024438282611,MSGN,0
-2.1646961192013205,-0.025165926427173795,FPL,0
0.5024688668523613,0.09594054387435841,WBS,0
-1.0641540244737395,-0.03724968081846196,HSEB,0
1.0992441494888516,-0.02677850109660307,BPL,0
-1.4855291286434826,-0.02617570905751639,GNL,0
-1.1052845120931858,0.005291230882973178,PK,0
-2.4423214794639994,-0.02864678451514919,GCI,0
-0.3902539047251141,-0.012867358362155298,STC,0
5.603722195996268,-0.058200431670168945,HHC,3
1.0593321127611475,0.02388103977020161,PJC,0
-1.9832861069092058,-0.0347276514204556,FMN,0
12.821939900348333,0.27813285653308434,FDX,3
-1.297528825167302,-0.016066759699068955,BST,0
-1.1823907237037128,-0.03963901056434343,CTZ,0
-1.8134305369995782,-0.022641981479332222,BDN,0
-2.1387622542426756,-0.02352697805373541,NRE,0
-2.613499735511567,-0.04453430271482604,TAC,0
0.6347049878864975,-0.009972713538931205,AWR,0
4.276773034595126,0.22518233980713875,CW,3
-2.5775774652775083,-0.021619669404293166,NRT,0
1.3830027014149104,0.06088798043109667,DFS,0
1.0461901070696051,0.03893896880141316,MAXR,0
8.153109973842108,0.08476449457267118,MCK,3
-2.2158257123579874,-0.03433764683737139,DSU,0
-2.843044246890109,-0.012854243925420415,UAN,0
-1.0637882873065287,-0.02897165801412803,MS-PK,0
-1.5578183111694146,0.007423316933584657,MOS,0
1.8099138792652099,0.11858700900166581,ENS,0
-1.1665904502849858,-0.057235847107350864,X,0
-2.4901637157246226,0.021869825653396673,SCX,0
-1.8218051545053313,-0.012378836741325849,GOLF,0
1.6286686209224115,0.008320988923793963,PLD,0
2.866904473453222,-0.10064570419471022,MDT,3
-2.0688128770190066,-0.019312310552060303,EOI,0
-2.5297076970233796,-0.03736583511838216,BKS,0
-1.1785869799864874,-0.05659678635254483,RNR-PE,0
-1.1977945647425632,-0.03546113005772636,SB-PB,0
3.7261582054983444,0.06437076254359853,JPM,3
2.9729666030069573,-0.09876414268672645,DRI,3
2.620592288462242,0.0935750175739094,LOW,3
-1.12182877908637,-0.053623151273691716,EZT,0
0.2774848721088862,0.012850728654273903,HYH,0
-2.4052280571511497,-0.026442394663936275,BBW,0
1.5793937854116877,-0.00799918498585842,PFG,0
-1.732493081268718,-0.04241460152221971,CHMI,0
-3.029490051848287,-0.028537896685209063,WAC,0
-2.25854496249424,-0.01953427452821555,IGA,0
-2.3338187107645543,-0.033849910505275596,TWO,0
8.47675393109379,0.26949860042795487,HD,3
2.3677157829023363,0.05581588093498565,RS,3
-1.8628418193423857,-0.05468654698039634,KTP,0
0.7340701079043785,-0.0947591357889105,TCO,0
-1.2126354585922292,-0.10059818772728267,PRO,0
-2.186779616441692,-0.02718046444523508,MSL,0
-2.115216786822397,-0.03782493860410327,VKQ,0
-2.294775392993832,0.01131524285734842,WPX,0
-1.672756198497442,-0.049218773993089944,KW,0
-1.9763056398516106,-0.047838533777710426,INFY,0
0.43460506948209876,0.0815287912284586,WSM,0
-1.1334925989623048,-0.010576858192890828,CARS,0
-1.7185396288164156,-0.020632192086386673,ARES,0
0.5512099771844553,0.03476976533035586,UNM,0
-1.1078157578948902,0.015905661959858926,FTI,0
-0.03499197894837829,0.15252075914621843,TEX,0
-2.92449964185009,-0.03563022932146807,HMY,0
-1.3774598788824035,-0.040725353917388296,BTT,0
-2.4431641985442707,0.06474283252750765,CRC,0
-1.7766712293483207,-0.01044701113135277,AVX,0
3.7639697636352585,-0.053353624011893065,SYT,3
8.730670034865575,0.3415142979526486,CP,3
0.9539492884561294,0.030017260173360177,RLI,0
-2.868021105201961,-0.0349129574617065,CIG,0
-1.9299844970760076,-0.11189570911715747,KT,0
-2.854438192681028,-0.01174276502645932,DS,0
0.30395180272828315,-0.054863934341131716,BBT,0
4.086902762844764,-0.02690963624971389,THG,3
-2.7178926189424795,-0.03305295544560317,PIM,0
-1.8145645566334885,-0.009895290672846137,FNFV,0
-1.6276659987474433,-0.027916805876961544,VBF,0
1.462333768391532,-0.218630494731932,CBS,0
-0.6413914182313896,0.03639686480770833,NBHC,0
-1.2221661643233404,-0.03344413995404058,ANH-PC,0
-2.7004262028277273,-0.02483133792692004,VRS,0
-2.5059866850598578,-0.025756571799344916,SMFG,0
-2.6400790301107975,-0.023621925103841045,USA,0
-2.2088563995279134,-0.0376738046007732,NMI,0
-1.3998847859073273,0.07435220780431556,PHX,0
2.8599859444749844,0.11947249926073257,MMC,3
42.389012321711746,0.9526743180808418,MTD,2
-1.786309176594093,-0.016357082971891333,KYN,0
5.679480541079555,0.5487147807303262,CXO,3
0.4619221491197295,-0.07533927005730956,AGR,0
60.852471364724124,-0.7148115420851964,WTM,2
-0.8790831048586679,-0.0017637521367657994,APO,0
-1.493455593219689,-0.02499982137558277,GJR,0
2.4289629062826,0.023446371813645756,BMO,3
8.576961961505518,0.742840074171146,LEA,3
-2.3838327819067957,0.022627437405126752,TWI,0
-1.9451284294381381,-0.004811341198528312,INN,0
1.756056905503696,-0.09292102618421187,WEC,0
-1.1314134046849569,-0.03287378936311724,PRE-PI,0
-0.33700470397124976,-0.12909846293062519,USM,0
-1.4101742714911192,0.11712834677926974,CVI,0
-1.9708377660941392,0.19394762770034282,CCC,0
-0.5272233300698387,-0.0017770651857959676,MPLX,0
-1.8686665024571922,-0.03263710231969278,DPG,0
1.586923218671951,-0.0004093965038095152,BAX,0
-2.2345196008798642,-0.030682002707565777,WIW,0
-1.1556964682770274,-0.03719872379650566,MMI,0
-0.4586333858909725,-0.05555684702430681,SJI,0
-1.7172516008496832,-0.019456245871238374,THQ,0
0.602483224052594,-0.03213698960022513,ADC,0
-0.8141861317475977,-0.06237667590053819,HTA,0
-1.4293374191799357,-0.00058328939058994,PAGP,0
-1.9049860522084923,-0.050488862641772526,UMH,0
3.397454480801677,0.07905701805411013,FMC,3
2.015924738208834,0.19847319506885516,KMX,0
3.6448722655645422,-0.09724386802080673,DPS,3
-2.3410127778337246,-0.03058929885574514,PHT,0
1.427348831845935,0.01446503370609708,BFS,0
-1.5920712712759335,0.058155133500851955,QUAD,0
0.8902476705769976,0.03169834770438344,BC,0
-0.3552448366785789,-0.05532922780290801,BBL,0
2.382228329008047,0.12790660037386467,OC,3
5.875405729789972,0.009527270528950579,BXP,3
-2.0565969405862816,0.006015636242703184,SFL,0
-1.2079410778787842,-0.03503856561522589,ZB-PA,0
-2.5596927179240563,0.004143582489948212,HLX,0
-2.364505778475302,-0.018200505108342514,RST,0
-2.2061279575893336,-0.03669131402086779,STAR,0
-1.197279179526459,-0.032367139511541354,WNRL,0
-2.068631417807028,-0.03034415910851438,SCM,0
-2.1073123418057476,-0.03105605575319628,ACRE,0
6.404944092305985,0.16786321218863204,PNC,3
-2.5560197974988035,-0.03052427393901422,NCV,0
-2.6848233234785783,-0.03390003791622111,PPR,0
-2.280260592170472,-0.00037040655423834965,ETM,0
-0.7251992895252022,-0.06009752140047836,HRL,0
1.774511582728263,-0.11105208398804191,FUN,0
-2.581902987530489,-0.03526751841077856,EVF,0
-2.132344852936777,-0.0019926786331889196,SFE,0
0.4836345462861254,0.04727503199626491,WD,0
0.08756862072070233,-0.011201626398736756,HAE,0
0.6876574828396949,-0.07524055016256886,WR,0
-2.3097053203420543,-0.022964240276774836,CEN,0
-2.860593721221464,-0.018245677306696375,PDS,0
1.3558803530952435,0.06421437196406132,H,0
-0.5210328564734067,-0.08848458702563868,BEP,0
0.5296064694747273,0.069483387113117,WAL,0
-1.963378924701398,-0.03306712995091661,MUC,0
-1.6384526846635128,0.004422005435802522,STO,0
-2.4786118028143656,0.010332619802788228,NL,0
1.329786745623406,0.012359808741403874,USPH,0
5.768428535515333,-0.10331394530158063,ARE,3
-2.07445126149589,-0.03261509303753538,BWG,0
5.282710287570355,-0.14636897628584405,RACE,3
-1.1162169045580068,-0.03114939561465858,DFP,0
-2.318536825210353,-0.03379542271979632,IRT,0
1.6934616452264242,0.05617320975359056,MOH,0
2.841705707524513,0.13571306561304317,SCL,3
1.2514512951517502,0.05898533209890615,TUP,0
-1.837466071796073,0.009613660737678728,MRC,0
-1.9401952769179542,-0.02825171325459416,NOM,0
-1.8141931591850484,-0.0008691293274641915,TEVA,0
-0.08348310671362003,-0.12668802334386997,XL,0
-1.6887937575435918,-0.004140004126451651,TTP,0
-0.6452417460720887,0.02648297756419576,WY,0
-1.8973905173725052,-0.03835343257842501,NKX,0
-2.012426498705246,-0.03932853962253797,MHN,0
-3.000928394384881,-0.03181914354813451,HHS,0
0.5382572086318912,0.014524227461212279,AZZ,0
-2.433761493863281,-0.037184143318495046,DSM,0
2.036911508123798,0.006505186048841653,KRC,0
-1.0918258252557556,-0.07378026319534635,NI,0
0.29365007978172397,0.11895296271900518,SSD,0
4.329039938998284,0.15575274759947147,CE,3
-2.7577006089239675,-0.03447615780440961,ASPN,0
-0.5690848318071775,0.09241107315494437,ACM,0
-2.3867699158450293,-0.03433732150023131,DUC,0
-2.032555271306459,-0.03092788106815311,VRX,0
-1.2759211053952269,0.011412507267636502,BAC,0
-0.5554462892630213,-0.037887886809144795,CAG,0
4.071840931837851,0.1255203486364159,CSL,3
-2.624161731128611,-0.04277647143042579,MCC,0
-1.8002824484417697,-0.03246152529941256,HZN,0
-0.6672020080023161,-0.011027226356817198,TDOC,0
1.1795561842026117,0.02911917533837328,LDOS,0
-1.6927060531793123,-0.03394670853429886,HPS,0
2.5906411697139715,0.19430805496372813,OSK,3
-0.9825553981255596,-0.07293988680528711,TDS,0
2.109467315020377,0.13549636046824634,GWR,3
-2.6431112280900613,-0.017271881076920393,CGG,0
-1.2975967866445453,-0.07173622242215283,GTS,0
-0.29918781194195615,0.06356350752168707,POL,0
-1.2473456943636463,0.07491178262551182,OII,0
-0.1815268930414697,-0.05534753274151781,PPL,0
-1.4848887849283208,0.021633833650663226,TROX,0
0.4849596487126375,-0.050659704880540515,RIO,0
-1.940277387772313,-0.031860360352322065,ETV,0
-2.7129025993582996,-0.012908301001794248,HCHC,0
-2.6077936831057875,-0.014650020931656755,GNE,0
-1.103569938678777,-0.02768470419690034,GMTA,0
-2.3989765869315445,0.00867519495633717,BRS,0
-0.6998527800263428,0.03681749495247915,TDC,0
-1.0929992320097088,-0.02436913289454591,KMPA,0
-2.0160765803488525,-0.03445246133059812,FMY,0
-0.38693384658654195,-0.21275539234020302,GKOS,0
-1.6636949871888176,-0.017469379621552473,EBF,0
1.4352490972624277,0.044765826888084996,PB,0
-2.32660020682534,-0.03379467254130945,JHB,0
-2.5108077381020797,-0.04390431731014503,EVRI,0
0.16706400848808634,-0.016524815448888952,GDDY,0
-0.37160300041705596,0.056072554629121425,HI,0
-1.1095822606764225,-0.020148134738801497,LDP,0
-2.0971164507845237,0.015323802647556287,SWNC,0
-1.1679303299957815,-0.038312323221386384,PJH,0
-1.2492725436581211,-0.06128566437685329,NRG,0
-1.6824736712166142,-0.035145186090697826,ETP,0
-0.8364144609292072,0.12851918588491337,AJRD,0
-2.185514221914308,-0.03311235804891069,GCH,0
-1.1055946879412146,-0.03096093491560326,DKT,0
-2.0118410409764036,-0.031790132959697306,EARN,0
-2.3164190649510927,-0.004410767522122123,JAX,0
-0.005033884484006051,0.12018324199441936,APA,0
-2.462666062283482,-0.013614713035868163,SRF,0
2.31881728962639,-0.21995327655790628,PKX,3
-2.1297832313196365,0.02214684460061823,TISI,0
0.19073564216185923,0.1088913571167565,KORS,0
-2.0055492898250997,0.03029108917273361,FF,0
-2.101832896432964,-0.015607008489497217,JTA,0
-2.329189186317205,-0.020538634776274094,RGT,0
-0.6302460575154917,0.0627583792366083,SU,0
-1.8254126455348616,-0.02890484192087567,GLOG,0
-2.159285355829916,-0.013185894695375646,NYCB,0
-1.9446996783260329,-0.03765520381678381,NUO,0
-1.5108846426711022,-0.0766121495656188,KEM,0
-0.43606686742789036,0.11472106166521422,CLR,0
-2.268064836889155,-0.028027676791113516,SGU,0
1.6372344417755524,0.013663853890898161,ZTS,0
-1.1859318513271473,-0.04463954307406129,AXS-PD,0
51.640287913690294,-1.0537079951330426,CABO,2
0.07886162000807517,-0.003360128254942477,GIMO,0
10.943410759737652,0.3482391478810713,DPZ,3
0.3698412099714405,-0.11016270549595826,TRU,0
-1.7756896740845693,-0.04077632980140247,BSL,0
-1.3518518450285764,-0.03585876776149408,UTF,0
-1.802747658654979,-0.027640835372013114,PCQ,0
-1.9381187101780477,-0.00013090747564249822,CBZ,0
-1.182076582828043,-0.026767132237998228,TNP-PE,0
-2.0418944783582518,-0.037162340629456135,NXJ,0
0.7764415748163233,-0.02720222994563692,HIW,0
-1.1439723804650024,-0.03907995773489138,CFC-PB,0
-0.4857879688955067,-0.09783600089589484,TNET,0
-2.5936697663551733,-0.027732023362581206,BGY,0
-1.4654661367021868,-0.040311929786099654,STWD,0
-0.019608243935022952,0.07745510232327829,LYV,0
-1.2521080467837544,0.016840273642203824,HVT,0
2.471352506250236,-0.05661076121752941,EQM,3
3.209793584425747,0.09205504121524664,EDU,3
9.789100162679846,-0.4376817845224803,AYI,3
-1.7889532616783492,-0.05110688206816965,EVH,0
-0.08842031443908327,-0.08483943994751836,SCCO,0
2.913957804821401,0.011851092638729665,ABC,3
-2.071749827151228,-0.023687219104516752,LADR,0
10.171603736914422,0.30671938565484985,ANET,3
-1.1813171720745148,-0.08085230005206351,SRLP,0
0.7206710725902189,0.033138490948714294,ABT,0
-1.794142895594782,-0.021746713245083114,TWTR,0
-1.9494755476184957,-0.03196679315235371,ISD,0
-1.2530378642382438,-0.030161496499658363,OMAA,0
-1.9468289840764958,-0.04908947622054455,CNXC,0
-1.4634370075853433,0.05463483680957677,SUPV,0
9.024725111675888,0.4141515185891936,FDS,3
-2.6858191078123332,-0.0377752486045092,HL,0
6.8798777205496275,0.1709451278105383,PX,3
-1.182961586231973,-0.008381285647428516,ARNC,0
0.4331892310407818,-0.015934255858708044,L,0
0.03790498010778291,-0.05250203195590905,LPT,0
5.432453719539514,-0.15913287191691464,PM,3
1.4099440520772522,0.0018432870518873888,GATX,0
-1.1902629465833279,-0.036454202890079015,DSXN,0
-0.5016802524628656,0.043944230471469226,CTB,0
-0.4537469788728645,0.07461740012433755,BHGE,0
-0.8441220065462517,-0.0258445364222599,ZBK,0
-2.113386909071626,-0.03522204753396631,KEG,0
-1.2961129373562235,-0.00893549509088835,ETO,0
-2.6950764231813085,-0.016847952085304686,FGP,0
-0.5514962298284597,0.0601423772859285,NTB,0
2.484554551937244,-0.06507255749409706,OGS,3
-1.7718801236469746,0.06397736696335284,NC,0
0.6710684970976362,-0.02700789842690149,CHA,0
-1.833675090234702,-0.028465666383203192,TGH,0
1.0825708606571809,0.21839969333079387,ABG,0
2.0526418627185152,0.09425434956430073,C,3
-2.1788445429515986,-0.01950472051565562,LDF,0
-2.1591266941593954,-0.04319350242360457,ASA,0
0.6883847982837029,0.1157990179933314,TXT,0
-1.263482097519973,-0.03512212210949666,FPF,0
4.68834362623874,0.35549349274747327,XEC,3
1.557554241872531,0.06274757046820383,TNC,0
1.640462472447512,0.1334930127020548,PNR,0
4.010266766177987,-0.03609354011548861,GPN,3
-2.163847256911122,-0.027311003850629623,BTA,0
-1.4064177236838324,-0.08308482093727787,CIEN,0
-2.161961622293903,-0.03664109813540426,KSM,0
-2.7164947018671626,-0.03238975522782093,CMU,0
0.32690307790225276,0.06666696633715165,ST,0
5.735662105535639,-0.03302336375066249,BUD,3
-0.7257906591073611,0.05538263738011891,RSPP,0
1.5821886997943555,0.05434946868636203,QSR,0
1.5960920280060897,0.06771287816044708,ASH,0
-0.12351505855086693,0.003903684657507941,BAM,0
-2.0053191539388266,-0.017709378896972112,GTN,0
12.7821254580404,0.31339594428020245,HII,3
-2.8573596457122137,-0.038183879688162344,AUY,0
-2.0287711872009773,-0.037400765062159926,MIY,0
-1.521267631339703,0.01945106861353858,TBI,0
-1.190526213074479,-0.06732674796494756,TV,0
19.677317143796362,0.47679531583441187,BH,3
-0.88756384816762,-0.04946999949192665,DRE,0
2.6540721279267485,0.030869001173234246,WM,3
7.297692775847141,0.16309236727266982,AMP,3
-1.3361894832134358,0.02530408057071168,CCS,0
2.532928737219364,0.13167805471011274,CR,3
-2.6080974297237938,-0.033820211764427795,BNED,0
-1.9249167615016447,-0.032914132111950954,MCA,0
5.28429471260114,0.07001076084489845,HUBB,3
-1.7377449064316552,-0.015713250394192992,VST,0
-1.8787869558762784,-0.03545742271124001,AIF,0
1.0235285140068457,-0.07810599991993994,DTV,0
2.0645311365472265,0.12054210119989968,LNC,3
-1.0640960293171564,-0.016972681144682596,CAPL,0
-0.8170544266465848,-0.030869394516113594,MGP,0
-1.2624025656111868,-0.03110968648456567,AIW,0
-0.6372981468607609,-0.04616566660481647,OFC,0
-1.8248411133719042,-0.024111090434099237,ETG,0
-2.2513665505127274,-0.02905215149975629,JRS,0
2.306265531180194,0.1067475326167043,WAB,3
0.8076232862015544,0.04177225149081871,TOT,0
2.7716715937237315,0.18388012099741752,R,3
0.11417172703582715,-0.0228811890793378,YELP,0
-1.8494200335768947,-0.04312783778427101,MYJ,0
-1.9398099732478642,-0.01244665212354925,SLD,0
-0.5060511084918612,0.0322705168372812,PFE,0
-2.7746994725470095,-0.04003551929967968,CCM,0
-2.036872066610727,-0.034398878054795946,RATE,0
-1.5356146806922275,0.042577751457805076,DBD,0
-2.107293727939441,-0.006384672850939895,PBI,0
-0.5784413207874693,-0.04151170723739257,VCO,0
-2.3022110286704773,-0.020702858072736266,KYE,0
5.430754048279853,0.5089157084642826,ALV,3
-1.789890215659044,-0.034600978201113804,FOR,0
-1.1140228022006209,-0.03020222584163951,PUK-P,0
-1.7050452419598336,-0.10770955884285734,KEP,0
6.964015233178151,0.44231114527206555,PXD,3
-1.8262304016895976,-0.028753789016985668,NLS,0
-0.7200622427713542,0.01699333357968783,SHAK,0
-1.3473736200712771,0.010682948817096631,TOO-PB,0
-1.2685267840452317,0.007180905033330419,HTH,0
-1.7135468342670357,-0.02582412429189979,CMC,0
0.0727337419225243,-0.1375046917483112,AAN,0
-2.386257002894207,-0.03704976387759146,CX,0
1.6807489148564287,0.03463224349621658,MRK,0
-2.8949559145044903,-0.027046621369149274,VHI,0
-2.016734880099324,-0.034449927815863014,DDC,0
1.940081210156324,-0.08149088354311103,THS,0
-2.3971051788471653,-0.013579926230070958,OMN,0
-1.070415272263073,-0.02936609922371397,VZA,0
-2.434241742215072,-0.03241583692352824,MCR,0
-1.9951598695023525,-0.0034667179388594422,EEQ,0
-1.6397590794828758,0.0055707892851111235,AMGP,0
7.683311308797581,0.2892994859660049,SWK,3
1.0345122905574335,0.15519931789386296,SIX,0
-1.8262663023757042,-0.048594674958579546,ORAN,0
-1.9176413629722657,-0.05457531878979756,LFC,0
-2.5158554646274314,-0.0370016876627854,CYH,0
4.58583392566584,-0.0395026801119682,CMS-PB,3
2.1036750095279637,-0.08386975543084256,BKH,3
-2.5237304318921243,0.018868154367372887,CRR,0
-2.181950414137576,-0.03960693111459741,SA,0
-2.1714947987783932,-0.0380909323006568,MEN,0
-1.068174367296221,-0.00019495102000359065,HUN,0
-1.8070251689674413,-0.0261277720386254,GLP,0
0.3327300289447777,0.0062313912511245415,LEG,0
-2.456975043328396,-0.044642193749304636,OCIP,0
-1.86422964189822,-0.05425036754361784,PFH,0
4.217763125391383,0.29409138188272127,SXI,3
-2.16871609309586,-0.03458347040190492,NLY,0
0.7849516424339995,0.06601464102221091,EGN,0
-2.9389187388559272,-0.02999737377078399,HGT,0
0.24173312332136312,-0.021617805433951056,ROL,0
1.5439782034459488,-0.12393330041831997,TTC,0
1.1452882520201242,-0.13971981913892573,BBY,0
-1.725896962613371,0.07387848188437239,HSC,0
6.645920882056549,0.277031837684539,CACI,3
3.479351140291896,0.030399931807556742,EGP,3
-0.8589204442314442,-0.019785717101339684,TWLO,0
-1.1126432490736156,0.04878222693001273,MOV,0
-2.025980711143351,-0.0326472588282628,IDT,0
-1.2087876159671853,-0.035309864744273285,JPT,0
-2.9311260039040254,-0.036114552116829506,HOV,0
-2.6661807808072906,-0.028386192187012455,JMP,0
4.719731588225173,0.3430900917384728,CPS,3
-1.943306104208431,-0.0014371367051527533,EEP,0
4.6762535690327836,-0.023613190255836088,V,3
8.071349727552484,0.35730158685800884,WSO,3
-1.0855945518293288,-0.035962411948658554,BCS-PD,0
-0.11639171564783711,0.05766477099137495,PHG,0
7.310548988535403,0.17543574771900527,IFF,3
-2.0428693225089076,-0.03685434201566306,MUS,0
-2.8514679675018852,-0.004047136030520489,KDMN,0
0.29016075640172384,0.09368411705400535,AN,0
-2.548101041446613,-0.046002013572855174,DL,0
-1.183218016294244,-0.031690322108369785,CTW,0
-0.1471486324972979,-0.011742869385129324,SOR,0
0.5392620927360385,0.07403619218813992,MET,0
-2.5861682510068706,-0.03041270476852712,MFV,0
1.7583506855306068,0.0570244935737577,IBA,0
-2.06510145442096,-0.03512355829827123,MQT,0
-1.2524667133427905,0.004833179314030241,RXN,0
-0.4760345737832349,0.09004794741041687,BRC,0
-0.9509852563809761,0.10257088613863106,EXTN,0
-2.1596042929324795,-0.022230775950252524,CTR,0
3.216197849040044,0.06696159860836848,DHR,3
-0.47278159541242737,-0.035915149102755346,IIF,0
-0.08451442761636639,0.06710266502804506,MC,0
5.31494858167941,0.19627287560581422,MAN,3
-1.6652086541956734,0.016858118118805825,BANC,0
-2.3166727545905754,-0.030819311390593213,GDL,0
-1.9693242474686452,-0.0289017034532061,NXP,0
-2.992210890551054,-0.03261272329360061,DDE,0
-1.5737811756077151,-0.03123331391272158,PDM,0
2.169524883477357,0.17245530415361138,MSM,3
-2.2905307947246905,-0.030321352186626935,NCA,0
-2.890971670614181,-0.031312408370345254,EQS,0
2.4494941572135303,-0.11188104545220222,EPC,3
1.5959529031906656,0.06525295485007755,EQT,0
0.7424844317059281,-0.06632902554199019,ANTX,0
1.2312653057914515,-0.09335694303634205,USNA,0
-2.2889162438426403,-0.02574922590460375,JILL,0
-1.5452726926154199,-0.027706915330611752,CHN,0
-1.2983366680052846,0.0043923290945308896,UGP,0
-2.3219418026522667,-0.0326633761803238,MSD,0
-2.0116900575350387,-0.034579573548526456,MUI,0
3.6191196436342747,0.16893390129309166,CNC,3
37.546686853201166,1.5138784572715605,AZO,2
2.3244649965670936,0.005032758626115771,TJX,3
-2.1197040263962994,-0.03525725320167559,IQI,0
0.6458020253761155,-0.05024971284377802,TRP,0
-1.1197679010014003,-0.03922399231792205,DLNG-PA,0
-2.636308590459106,-0.05770628745703349,XRM,0
-0.16570816632964228,0.027953025043598204,TOL,0
-2.815879407152287,0.01607864381425438,FMSA,0
-1.5280680749904025,-0.01405678449254165,TDF,0
-0.0741699162290329,0.059143989261896304,CFX,0
22.43133548238988,0.32493580351479756,SHW,3
-0.2856135593502327,0.07106578398987408,HNI,0
-2.4958698092728255,-0.01944127681687843,EURN,0
-2.3269548335275614,-0.03463972729621203,IHIT,0
-1.582930258306589,-0.03580596873727572,MMD,0
-2.7045231549739683,-0.031427418923106736,CALX,0
-2.943325568474088,-0.0324152244854558,LEJU,0
2.03090470950629,0.09147904138977261,MMP,0
0.5224335887263255,-0.09648841799379688,UGI,0
-2.4798402638685113,-0.028190656111299235,ZYME,0
-1.4026033110802898,-0.02014081533439708,PCI,0
-0.905280393658641,-0.14359527841564385,ATUS,0
93.15301078686325,-0.21013013562821298,BAC-PL,1
-2.4058594695188544,-0.013743961357438644,CDE,0
-2.3776396304222747,0.004065594023964359,RIC,0
-1.7166429329714894,-0.044319258039184635,JHI,0
-0.8548693571370602,0.03390283666826852,ETH,0
-1.169664030616177,-0.036708618797869845,TDE,0
-2.580975528863292,-0.03372330531072478,NSL,0
-1.8950436670925652,-0.012892771691308773,VIV,0
0.7544621862884408,-0.04169969569493766,AVA,0
-2.38008834031211,-0.017175092761296983,GGT,0
-1.797288130983239,-0.039787208365166866,JSD,0
0.4865742163159998,-0.10012410756081568,CMS,0
0.8956472140164369,0.13784285003864977,FUL,0
-1.1886336134054052,-0.028823956665070757,VNO-PG,0
-1.1892533072219476,0.0025132051234022052,CHSP,0
-1.9957409276159355,0.002528567490264988,TPRE,0
-1.7927569713159803,-0.017214709305105495,ENLC,0
-0.849574805064391,-0.04888756595407943,SYF,0
-1.4864168540508773,-0.025332782124642003,PYS,0
-1.8898056077170424,-0.03050737822716576,BLW,0
-2.44495224302691,-0.036439608508001015,VER,0
-2.8253301169468306,-0.018006897773797423,CLD,0
1.241405338720447,0.13938591976986137,IBP,0
2.237869989029107,-0.0073808928744577935,CL,3
-1.4378397688161924,-0.03764071128082563,STK,0
-0.7237732674658507,0.03383089776365919,E,0
-0.6939465895213068,0.06063660954232573,OLN,0
-3.0337868073806877,-0.0309592461730149,BIOA,0
-1.9789232827858743,-0.038704604142678706,MUJ,0
-2.108496953096697,0.007106658599280469,FBM,0
3.975922672184371,0.3823241534829962,ALG,3
-1.2065019516834723,-0.035340483767341384,MVCB,0
-0.29392695621771336,-0.06457229107586926,HCI,0
-1.1204215404730622,0.06261423195310736,REVG,0
13.258401107042612,-0.22223994077980117,ADS,3
1.123228539283873,-0.01618144104048958,WRK,0
-2.1657214753798852,-0.009867354170505974,MWA,0
-2.0840636103155683,-0.021611509083904946,AMID,0
0.4822346063841204,0.007480724287063852,FMS,0
-1.2266045538775454,-0.020009480351448304,CMRE-PD,0
-0.28622959892189204,-0.059778955812959535,PJT,0
-0.454133644239548,0.04790236477390569,BAH,0
-2.232000435622332,-0.005677596048657949,ACCO,0
5.197911645076202,0.3350996783626831,THO,3
-2.1283905275713595,-0.025756788125899432,FMO,0
-2.0684802888889386,-0.03697563657853423,BSE,0
-1.821177441831223,-0.037958643154441744,PDT,0
-0.7032731727775616,-0.01277382775997704,EAT,0
-2.3001073385326896,-0.03362086992752813,NIM,0
-1.6023860813633106,0.08913533055471753,ACH,0
0.8765045423236285,-0.0870252618828038,QTS,0
-2.713645329944997,-0.02962653818136136,HIL,0
4.9685063842296815,-0.2256406094187561,PAC,3
-1.3519279080166116,0.03866938256748037,SNDR,0
-2.522340557602353,-0.030880481802777773,NAP,0
4.4219743358317505,-0.0005328364100529779,AFG,3
-1.954217836964054,-0.03614144476490736,BPK,0
-1.0758522942928714,-0.034377946388815125,SOJA,0
0.5163063125028948,-0.17735244469453018,CPB,0
-2.6136444124332416,-0.040715506088459814,NOK,0
-2.81297479319182,-0.01934607367986527,SDLP,0
-2.752858349116131,-0.033934541435999985,MIN,0
3.2938040174973544,-0.12118320888773329,MSI,3
-2.911725773783557,-0.02010166950372404,DHX,0
-2.1376698666144778,-0.024251081254738304,AI,0
0.3818425887260894,-0.053861435096573644,CLGX,0
-2.113206645166548,-0.03284642364538444,AWF,0
-1.5261103010604422,-0.01093254979303384,SVU,0
-0.6156335311105098,0.05747449352685147,HEP,0
-0.9527818537841103,0.02784434113998885,REN,0
-1.9358648949594655,-0.040435220975578445,MYD,0
-1.1091929399301923,-0.027415104857837925,GLOP-PA,0
-1.1347312607541769,-0.047626661667090446,CUBS,0
-2.8006271558051945,-0.041070481096618726,STNG,0
1.7777473701341102,0.012742097850581549,RSG,0
-2.7647895771499122,0.002692046854732631,GRAM,0
3.8015016063352585,0.2313192806128715,CLB,3
-2.049930384221788,0.0196737967767974,MTR,0
-2.0474767370321145,-0.013528826432207512,OMAM,0
-2.606229480689863,-0.019441310149325295,AHT,0
-0.6142557317627325,0.12077274202602009,DVN,0
1.685802853968344,-0.1195496592328897,REG,0
3.2237317682964406,-0.03647208323907475,DXC,3
-0.8430287124863076,0.07220863122624363,USG,0
-2.605338602227234,-0.011410677154038538,EBR,0
-2.1479962358171245,-0.03839276919599981,VPV,0
6.728056588022592,0.16520591467399381,ACN,3
-1.8687966987754134,-0.016736555837837404,OME,0
-2.639884288541837,-0.03149263517416286,AEG,0
2.662836946810543,0.13164322807555384,BDC,3
0.6103393920585677,0.07251104507939123,KMPR,0
-1.2403366549685886,-0.04835111483284319,UE,0
-2.2232596601678867,-0.07046829511930507,RESI,0
-1.0476722019201392,-0.031118386980609043,HSEA,0
-0.999242737336043,0.008156064647958415,TS,0
-2.305037512839811,-0.05433658678110809,BSMX,0
-2.181155917158135,-0.030827024403746166,PFL,0
-1.2318300043000334,-0.05449192855524494,IRS,0
-1.3679557246245158,-0.043523145792991984,MTT,0
-1.7988578387718124,0.0008749414021019981,UBP,0
-1.9421670308440653,-0.04333655257774618,BKN,0
-1.1949091300859693,-0.027564282438125438,VNO-PK,0
-1.8029612110358182,-0.09255707777917345,BCRH,0
5.7253724840075675,0.18150287225332482,DE,3
-2.718386646121919,-0.0384455122648473,FSM,0
-1.5442421808707552,0.014193295016379663,SB-PC,0
-2.759683899735759,-0.025719717501171226,OAKS,0
-1.1051584222175261,-0.06279823243725889,MT,0
-1.7421718805590813,0.038363589993070074,BGC,0
-1.5871953748964596,-0.03922223063539437,KRG,0
-2.057837466550407,-0.035245178798073346,FPT,0
-2.6177819082347544,-0.030525906396995123,MDLY,0
-0.6029990514541864,-0.04034572552478117,JBGS,0
-1.595921774916127,-0.010656707837717683,GME,0
-1.156166045444407,-0.02934858067664397,ECCA,0
-2.0131496359969514,0.000765697143992225,SC,0
-2.348571215008014,-0.0024493272380949212,PBR,0
-0.703262786132511,-0.06640901926646546,AM,0
-2.7963183006555186,-0.020104974877647955,GNW,0
-2.122125721022386,-0.012141534345247347,BEL,0
-0.7876424157009828,-0.04778209424941821,TEO,0
-2.0273478363848385,-0.017669835416100576,SCD,0
-2.5002136027495983,-0.05309135411889812,SALT,0
-0.5150849616772913,-0.021623670859439798,ZAYO,0
5.444383438138435,-0.17988531513066602,PEP,3
-2.504157994759164,-0.06899095095888431,AGI,0
-2.0116202292889036,-0.037080851065480536,NAD,0
-0.967579507932061,-0.00218745154213204,EQGP,0
-0.980396130103791,-0.007058064314270924,PFGC,0
5.105833592966887,0.3269007889904598,LAD,3
-2.3305914982016,-0.03775422029439114,EFL,0
1.0728654435706289,0.1276566731207624,VVI,0
-1.993609161749796,-0.03978793355280554,DTF,0
-2.0419509369046835,-0.015264958450976914,HPE,0
3.153115345586651,-0.037978564310513746,WGL,3
4.565732322723078,0.06958907179231055,PRU,3
7.561356300137782,0.20460842092890552,UNF,3
-2.798547125863142,-0.013651158991466555,TLRA,0
1.3438683242444138,0.04530756848261794,RHP,0
1.8866223118208567,-0.07674013250396047,CMP,0
0.14523486423994234,0.12720282663824337,PAG,0
-2.424379249691977,0.0010951850922770359,WAIR,0
1.71159466528669,-0.03997693317901362,WUBA,0
0.6694457628622088,0.014311061894168298,IHG,0
-1.1890447693594766,-0.03808429779307693,TNP-PD,0
0.007719622542648244,-0.11318406064072815,AGO,0
6.8509386903284515,-0.10229583623200605,DEO,3
-1.7979571356747643,-0.024881210724457203,BSM,0
-1.3444724585706371,-0.05530408923848848,WLH,0
-0.7951442452663119,-0.03192098443284361,BXMT,0
-2.089545321233678,-0.008102681663158449,MLP,0
-0.6638865600945817,-0.02530549392101941,HPP,0
-2.379619839305585,-0.04252642788633008,ELP,0
-1.2482958225634775,-0.01444255177835388,SPH,0
-0.11936003097131835,0.04644499053513441,DIN,0
1.918113356496872,0.11409885143564155,DWDP,0
1.4045882861777985,-0.032729167887186966,AIG,0
2.6496262423770203,0.15171253375236393,LSI,3
-2.9694186469052157,-0.033218803495345825,SDR,0
-1.4094804267129724,-0.03777552646937912,NBD,0
-2.646548113894449,-0.030699691819301798,TSI,0
-2.8971068089008734,-0.009251116834337414,TTI,0
-2.1102137619857317,-0.045823525948744746,ZOES,0
-2.3163184617832533,-0.03514998011230803,PCK,0
-1.2448898702826812,-0.037601106585917594,BAC-PE,0
-1.9062553928913941,-0.04604286342304984,UA,0
-1.145841422309767,-0.04749729759372754,AFST,0
0.32786735632851993,-0.01906476229463691,LW,0
-2.5889317107318455,-0.0202756676051937,EXPR,0
-1.0385291326176018,-0.0323226844554049,C-PP,0
-1.1012403317452122,-0.047178849458914825,UZB,0
-1.595772593643458,-0.014446877379906966,AR,0
0.01905919901791598,-0.15063460143156704,ABM,0
-1.6197317671852836,-0.040761406037095965,KIM,0
5.270571530817948,0.37179322598012443,SHOP,3
-0.34455308709109256,0.11676773361742039,KMT,0
2.485495918991276,0.009702885852768076,VNO,3
-2.655763327741308,-0.03550563002985109,AKS,0
-1.882032580589457,-0.006172013706926814,ENLK,0
5.627731951230344,0.22367682666301872,GGG,3
-0.7545128011415748,0.06125969525297235,EGL,0
-2.0848219530271206,-0.038521267870598945,NRK,0
-1.5612657958608769,0.15001097072567957,BEDU,0
-1.035419192485914,-0.01150536571342364,SHLX,0
-2.5361528445406623,0.01171339459674164,NBR,0
-0.7831700385629302,-0.050433655086049814,BGS,0
9.328824938542574,0.22095957727558416,LII,3
-1.4853883451243688,0.0023758696461096797,RFTA,0
-0.7028634296719609,-0.026798742389393292,CSRA,0
-2.1411130146028436,-0.006843045256998778,CISN,0
-2.2043786405953156,0.015819930613959903,WRD,0
-1.9614389380512691,-0.030317751970742022,DHG,0
2.3853249695025935,0.05889230684280166,DATA,3
-2.051564707602147,-0.005265607424699494,MODN,0
-1.2109514318162713,-0.0037939271392677743,MHO,0
0.7212904896186291,-0.05207830225551783,DCUD,0
-0.9230024361669131,-0.03960310111403989,C-PK,0
-2.146284778166188,0.012699886864715487,DNOW,0
1.4042010779939016,0.01706819540662832,OXM,0
-1.8993847335006746,-0.0419103681306426,MNP,0
-2.6075642038352105,-0.04070982812837838,CRK,0
-1.9264092127225902,-0.002140981928359126,MPX,0
-1.3320519426259918,-0.024384005759466365,NXRT,0
-1.866366021962297,0.05416114750576515,BZH,0
-2.2219025995059547,-0.026767469433053373,TEI,0
-2.962300822280604,-0.03056698082556053,CBK,0
-0.057052059416419346,-0.028309590317360512,RNG,0
-1.555428313501781,-0.01375993798582972,IPG,0
-2.060656109675166,-0.029150661106603186,IRL,0
-1.4727073936644415,-0.027460093143811513,HPI,0
-1.7799799510130192,-0.022728085934327447,ETE,0
0.05677146522957454,0.03501670640009814,EIG,0
2.6787505886374894,-0.03180936086492322,ALE,3
2.3659879377390425,-0.04446704324940699,MIC,3
-2.909958813469155,-0.02443373379419359,EGO,0
-2.202306716405642,-0.02673583020025608,SRV,0
2.595324015694243,0.08680683487306876,RBC,3
-2.6026677827503057,-0.023867441497954764,GAB,0
-2.1463360064566466,-0.06727164236152099,VLRS,0
-2.660649165499285,-0.08330516982978392,SBGL,0
-0.6679352199718824,-0.02640230480353084,MGM,0
-0.08961710377023226,0.009594923161006037,AL,0
-2.6933571442588917,-0.0328780306487124,HIO,0
-2.386428650660028,-0.02737842631078418,EXG,0
-1.5440644264195578,-0.0056401869227695415,TPZ,0
-2.2210295721491353,-0.03044955141028319,EXD,0
2.380341594322088,-0.014786131946116223,OMC,3
-2.169937676109135,-0.028764362564648097,PFO,0
-2.087424079186121,-0.01578611206316483,GPK,0
-2.8442839190778844,-0.021772805620187987,OCN,0
-0.7503535240844391,0.11253558137727016,BCC,0
1.3117592291875146,-0.10554572346358825,NWE,0
-1.7214157503135574,-0.013823393214822717,WDR,0
-1.8400566726193253,-0.0237927756733155,EDF,0
-2.430054022127938,-0.009035473767593694,RMT,0
-1.1753120879740546,-0.03889751676037213,WFC-PJ,0
-2.0875556895925813,-0.036422657683115735,MYN,0
-1.3785283274994424,0.016615111733892206,RM,0
-2.0468683799209813,-0.03701454512147499,NUM,0
10.595809801321456,0.19540110161708454,LLL,3
-1.0185434500502828,-0.012195419951882528,STN,0
0.5177592675583695,-0.057460017798815446,KB,0
8.660067967705555,-0.12652815710264215,MCD,3
-1.9542013166334806,-0.03589884426873796,BJZ,0
-1.6746065788012228,-0.008083885107991769,XOXO,0
-1.5255594538673947,0.03127129860910458,RLJ,0
-2.1723344385393557,-0.0328397668445653,MHI,0
-0.26968460474241307,-0.021069758446893367,LL,0
-2.3701847374025022,-0.0021731652943712044,RRD,0
-1.438208422406324,0.006812074554104374,OUT,0
-1.4905900056974104,0.05726945256953013,VNTR,0
9.363583644000098,0.4788675745258859,GWW,3
-2.962188383875246,-0.030545298350700117,XNY,0
-2.0457236091292654,-0.00947406218837177,FLY,0
-1.8016293332335869,-0.029622895292149978,JGH,0
-1.933816881988883,0.004887855944935893,MPO,0
0.93617835365758,-0.13897187945654746,GIS,0
