url,product_url,name,number_of_reviews,trust_score,website,star,email,phone,address,categories,reviwer_name,reviwer_country,reviwer_published_date,reviwer_title,reviwer_review,reviwer_rating,timestamp
https://www.trustpilot.com/review/www.monday.com,https://www.trustpilot.com/review/www.monday.com,monday.com,2984,4.1,https://monday.com/lp/aw/crm-software/?utm_source=mb&utm_campaign=trustpilot&utm_medium=crm,4,support@monday.com,1 (201) 778-4567,United States,CRM Provider,Amy Dahl CIP Insurance,US,2023-01-26T01:30:34.000Z,There is no support,"There is no support. you have to send an email and pick a time for only 20 min call. This is a very complicated CRM to set up. 
We have been waiting over a week. Time is money. Invested a lot of time to get data into the system and need a little help finishing things up. I pay about 100 a month. This is rediculous!",1,2023-01-27T16:14:57Z
https://www.trustpilot.com/review/www.monday.com,https://www.trustpilot.com/review/www.monday.com,monday.com,2984,4.1,https://monday.com/lp/aw/crm-software/?utm_source=mb&utm_campaign=trustpilot&utm_medium=crm,4,support@monday.com,1 (201) 778-4567,United States,CRM Provider,Maryse Fortin Dupuis,CA,2023-01-24T21:45:00.000Z,"Great, easy to learn tool","Monday.com is definitely easy to use. I love that I can onboard new employees super quickly on it. I've never had to reach out to support (which is a great thing in itself), so I can't speak for their customer service quality. But the overall experience is good and I would recommend!",5,2023-01-27T16:14:57Z
https://www.trustpilot.com/review/www.monday.com,https://www.trustpilot.com/review/www.monday.com,monday.com,2984,4.1,https://monday.com/lp/aw/crm-software/?utm_source=mb&utm_campaign=trustpilot&utm_medium=crm,4,support@monday.com,1 (201) 778-4567,United States,CRM Provider,Crystal Griffin,US,2023-01-25T23:14:19.000Z,Easy to use and super customizable!!,Monday is easy to use and our team gets a lot out of it! We organize many aspects of our projects and coordination between multiple locations and team members from all over the world. I love how customizable it is too!,5,2023-01-27T16:14:57Z
https://www.trustpilot.com/review/www.monday.com,https://www.trustpilot.com/review/www.monday.com,monday.com,2984,4.1,https://monday.com/lp/aw/crm-software/?utm_source=mb&utm_campaign=trustpilot&utm_medium=crm,4,support@monday.com,1 (201) 778-4567,United States,CRM Provider,Stephan Nield,GB,2023-01-24T10:09:21.000Z,Monday: who else?,"The Monday system is user friendly, versatile as it can be used in multiple application's. Case in point this provides a viewing platform for our customer base to view all their orders and the progression of them. 

Cuts down the need for inbound calls & email responses.",5,2023-01-27T16:14:57Z
https://www.trustpilot.com/review/www.monday.com,https://www.trustpilot.com/review/www.monday.com,monday.com,2984,4.1,https://monday.com/lp/aw/crm-software/?utm_source=mb&utm_campaign=trustpilot&utm_medium=crm,4,support@monday.com,1 (201) 778-4567,United States,CRM Provider,Brock Price Brock Price,US,2023-01-20T19:16:23.000Z,"Great tool, Great experience, Great team",My experience with Monday has been great in 2 distinct ways: One is that it provides the productivity tools that teams need to operate (and report) at scale. Two is that it helps me to think in terms of business workflow and automation. It not only serves as a 'platform' for my processes but also as a 'teaching tool' to show me more efficient ways to get work DONE.,5,2023-01-27T16:14:57Z
https://www.trustpilot.com/review/www.monday.com,https://www.trustpilot.com/review/www.monday.com,monday.com,2984,4.1,https://monday.com/lp/aw/crm-software/?utm_source=mb&utm_campaign=trustpilot&utm_medium=crm,4,support@monday.com,1 (201) 778-4567,United States,CRM Provider,Luciana Fistarol,US,2023-01-11T21:13:31.000Z,THE WORSE CUSTOMER SERVICE!!!,"THE WORSE CUSTOMER SERVICE!!!
I am trying to upgrade my plan. Absolutely NOBODY gets back to me. They do once, then never more.

Then I am doing the course, explained in details what was happening wrong, and receive an dumb answer asking me exactly the same I explained.

I could not be more frustrated",1,2023-01-27T16:14:57Z
https://www.trustpilot.com/review/www.monday.com,https://www.trustpilot.com/review/www.monday.com,monday.com,2984,4.1,https://monday.com/lp/aw/crm-software/?utm_source=mb&utm_campaign=trustpilot&utm_medium=crm,4,support@monday.com,1 (201) 778-4567,United States,CRM Provider,Ben Sinclair,GB,2023-01-10T15:34:04.000Z,Its okay...,"Have used many project management tools on and off over the years, both paid for and free versions. 

Monday is essentially a pretty spreadsheet with integrations. While it is useful for managing tasks and timelines I find the layout very restrictive and prefer tools like Trello.",3,2023-01-27T16:14:57Z
https://www.trustpilot.com/review/www.monday.com,https://www.trustpilot.com/review/www.monday.com,monday.com,2984,4.1,https://monday.com/lp/aw/crm-software/?utm_source=mb&utm_campaign=trustpilot&utm_medium=crm,4,support@monday.com,1 (201) 778-4567,United States,CRM Provider,Anna  Hotvedt,NO,2023-01-07T11:26:04.000Z,Great tool with potential for improvement,"Monday is a great tool for managing workflow in our company. It could have worked 100% if it was able to register work time for more than one person at the same time, as we are a team who in many projects work together, but individually. This is a basic problem that you should be able to solve easily. And I would have given you full score.",3,2023-01-27T16:14:57Z
https://www.trustpilot.com/review/www.monday.com,https://www.trustpilot.com/review/www.monday.com,monday.com,2984,4.1,https://monday.com/lp/aw/crm-software/?utm_source=mb&utm_campaign=trustpilot&utm_medium=crm,4,support@monday.com,1 (201) 778-4567,United States,CRM Provider,Brunno Bergamo,BR,2023-01-03T17:24:15.000Z,Management of different project activities,"The platform helps a lot in the intuitive way of managing activities and especially in the collaborative way of allowing the other people involved to be able to work online. What I miss, perhaps still due to inexperience with the platform, is how to obtain automation opportunities or improve the performance of managing settings to provide better results in managing activities.",4,2023-01-27T16:14:57Z
https://www.trustpilot.com/review/www.monday.com,https://www.trustpilot.com/review/www.monday.com,monday.com,2984,4.1,https://monday.com/lp/aw/crm-software/?utm_source=mb&utm_campaign=trustpilot&utm_medium=crm,4,support@monday.com,1 (201) 778-4567,United States,CRM Provider,Matt,US,2023-01-13T16:59:04.000Z,Nothing but great experiences thus far.,"Like many people, I discovered Monday while looking for an easier way to manage workflow in an Engineering department. I tell people, it is the tool that they don't know they need. The more you dig into the way some companies operate, the majority has no way of managing communications and most of the operational processes are antiquated. This coupled with the ""it's not broke so don't fix"" mentality really hinders the quick implementation of Monday.com. BUT, if that hurdle is crossed and ownership does allow for the investment (program + operational personnel), Monday has the ability to have a profound affect across multiple departments in a relatively short amount of time.
I have created 5 accounts for myself and others since learning about Monday.com. I do believe there are several other aspects of the program that could be added onto that would allow manufacturing companies, specifically, to grow using standardized processes that the ""big guys"" use.
Other than that, this is a highly useful program. I believe it is the best out there.",5,2023-01-27T16:14:57Z
https://www.trustpilot.com/review/www.monday.com,https://www.trustpilot.com/review/www.monday.com,monday.com,2984,4.1,https://monday.com/lp/aw/crm-software/?utm_source=mb&utm_campaign=trustpilot&utm_medium=crm,4,support@monday.com,1 (201) 778-4567,United States,CRM Provider,Israel Akeji,NG,2022-12-31T09:08:03.000Z,Indeed this is my first time using…,Indeed this is my first time using monday.com and my experience so far is quite encouraging. Team work is made easy with the seamless interfaces to choose from depending on the project. Keep it up. I'm giving 5 star rating.,5,2023-01-27T16:14:57Z
https://www.trustpilot.com/review/www.monday.com,https://www.trustpilot.com/review/www.monday.com,monday.com,2984,4.1,https://monday.com/lp/aw/crm-software/?utm_source=mb&utm_campaign=trustpilot&utm_medium=crm,4,support@monday.com,1 (201) 778-4567,United States,CRM Provider,Jared Wilson,US,2022-12-20T19:23:42.000Z,Organized and visually stunning,"I'm a social media coordinator / marketing specialist. I've used several different project management software programs for multiple different projects and brands that I've worked with. Monday.com is by far my favorite! It's very functional. I'm a very visual person, so I appreciate how visual monday.com is with the charts and the color coding. Thank you for an amazing product!",5,2023-01-27T16:14:57Z
https://www.trustpilot.com/review/www.monday.com,https://www.trustpilot.com/review/www.monday.com,monday.com,2984,4.1,https://monday.com/lp/aw/crm-software/?utm_source=mb&utm_campaign=trustpilot&utm_medium=crm,4,support@monday.com,1 (201) 778-4567,United States,CRM Provider,Aviv Blumstein,IL,2022-12-27T11:25:41.000Z,I wanted to love it,"I wanted to love it, but it can be extremely hard sometimes.

Monday is a beautiful platform making your data look like it came from a journal. Organized beautiful data makes you feel amazing. 

But, while the UI looks nice, the UX can be extremely frustrating. Stuff like making the simplest tasks you are used to doing with excel is an absolute nightmare. Importing clients from excel to Monday is bad, as it almost seems like it's on purpose. Filtering clients by their names - no can do.

Monday has a great potential of becoming a great tool for many use cases, but if you're looking to use it as a CRM - avoid it in the upcoming years as they have a lot of work to do.",3,2023-01-27T16:14:57Z
https://www.trustpilot.com/review/www.monday.com,https://www.trustpilot.com/review/www.monday.com,monday.com,2984,4.1,https://monday.com/lp/aw/crm-software/?utm_source=mb&utm_campaign=trustpilot&utm_medium=crm,4,support@monday.com,1 (201) 778-4567,United States,CRM Provider,Morella,GB,2022-12-21T14:03:39.000Z,WEBSITE IS NICE - VERY POOR CUSTOMER SERVICE,"The website is nice. A lot of integrations have to be paid extra even if you already pay for a plan. 

Customer service is very poor. Every time I had to contact them because of some problem or need help with something the reply I got in the chat is: That issue is handled by another department I will transfer the chat, followed by, I created a ticket for you. 

This means, there is no chat service, but someone at some point will contact you by email. In my case the 3 times I had to contact them only once someone contacted me and the issue was not resolved.",2,2023-01-27T16:14:57Z
https://www.trustpilot.com/review/www.monday.com,https://www.trustpilot.com/review/www.monday.com,monday.com,2984,4.1,https://monday.com/lp/aw/crm-software/?utm_source=mb&utm_campaign=trustpilot&utm_medium=crm,4,support@monday.com,1 (201) 778-4567,United States,CRM Provider,Merchell Snyman,ZA,2022-12-20T14:30:01.000Z,Since working on Monday.com it gave me more accurate communication to my clients and candidates…,"Since working on Monday.com it gave me more insight on how to keep track on communication to my clients my office manager and my direct reporting CEO.
All communication is on the platform in the event anything should happen to emails.",5,2023-01-27T16:14:57Z
https://www.trustpilot.com/review/www.monday.com,https://www.trustpilot.com/review/www.monday.com,monday.com,2984,4.1,https://monday.com/lp/aw/crm-software/?utm_source=mb&utm_campaign=trustpilot&utm_medium=crm,4,support@monday.com,1 (201) 778-4567,United States,CRM Provider,Iain McDonald,GB,2022-12-07T14:49:28.000Z,No Customer Support,"On the face of it, a decent sales pipeline software, however the sales support is non-existent.
Plan purchasing options are extremely confusing with no customer support available.
We're now looking at other products as the support for Monday is so poor.
By the way Monday.com answer bot; what colour is grass? This'll be interesting.",1,2023-01-27T16:14:57Z
https://www.trustpilot.com/review/www.monday.com,https://www.trustpilot.com/review/www.monday.com,monday.com,2984,4.1,https://monday.com/lp/aw/crm-software/?utm_source=mb&utm_campaign=trustpilot&utm_medium=crm,4,support@monday.com,1 (201) 778-4567,United States,CRM Provider,Julie,US,2022-12-01T22:11:35.000Z,Easy. Intuitive.,"Our team of about 30+ have been using Monday.com for nearly 4 months launching it with a Maintenance Request system.  After spending years on other programs trying to create a system which all levels of skill set would use and be comfortable with, we've finally found it.  We have great team interaction with a very broad understanding of what all needs to be done, how the work load is dispersed, and an actionable tool to manage the information.",5,2023-01-27T16:14:57Z
https://www.trustpilot.com/review/www.monday.com,https://www.trustpilot.com/review/www.monday.com,monday.com,2984,4.1,https://monday.com/lp/aw/crm-software/?utm_source=mb&utm_campaign=trustpilot&utm_medium=crm,4,support@monday.com,1 (201) 778-4567,United States,CRM Provider,Simon Kluep,ES,2023-01-19T18:04:02.000Z,Their support is good but a little bit…,Their support is good but a little bit slow to answer.,3,2023-01-27T16:14:57Z
https://www.trustpilot.com/review/www.monday.com,https://www.trustpilot.com/review/www.monday.com,monday.com,2984,4.1,https://monday.com/lp/aw/crm-software/?utm_source=mb&utm_campaign=trustpilot&utm_medium=crm,4,support@monday.com,1 (201) 778-4567,United States,CRM Provider,Indranil Dey,US,2023-01-04T18:48:15.000Z,Useful,"Useful, friendly and easy to learn. Serve the purpose. Perhaps some more enhanced features could be good as well.",5,2023-01-27T16:14:57Z
https://www.trustpilot.com/review/www.monday.com,https://www.trustpilot.com/review/www.monday.com,monday.com,2984,4.1,https://monday.com/lp/aw/crm-software/?utm_source=mb&utm_campaign=trustpilot&utm_medium=crm,4,support@monday.com,1 (201) 778-4567,United States,CRM Provider,Darcy Meade,US,2022-11-10T02:30:42.000Z,Monday makes us better!,So far I love Monday! It helps my team be more productive and more efficient. It's so intuitive and flexible to fit all kinds of project needs. I love the templates and I also love the from-scratch approach. It's so easy to use and has helped us get things consolidated from many different repositories (mostly) into one!,5,2023-01-27T16:14:57Z
https://www.trustpilot.com/review/www.monday.com?page=2,https://www.trustpilot.com/review/www.monday.com?page=2,monday.com,2984,4.1,https://monday.com/lp/aw/crm-software/?utm_source=mb&utm_campaign=trustpilot&utm_medium=crm,4,support@monday.com,1 (201) 778-4567,United States,CRM Provider,Jessica,US,2022-10-27T22:33:55.000Z,I love this platform and have used it…,I love this platform and have used it at two jobs so far and have found it helps drive better efficiency and accountability.  Seriously one of the best UX and so easy to use without needing to know a lot about integrations or dev work.  While I've barely tapped into the full potential I've been a power user and have spread the good word about this tool.  Compared to other PM tools this has a clean UX and is built to be as intuitive as possible.,5,2023-01-27T16:15:18Z
https://www.trustpilot.com/review/www.monday.com?page=2,https://www.trustpilot.com/review/www.monday.com?page=2,monday.com,2984,4.1,https://monday.com/lp/aw/crm-software/?utm_source=mb&utm_campaign=trustpilot&utm_medium=crm,4,support@monday.com,1 (201) 778-4567,United States,CRM Provider,Max Hardwicke,GB,2022-12-05T02:22:29.000Z,Powerful & Useful Tool,I have been using Monday.com for a number of years now as my main project management tool at my company Line Design Studio Limited. The software is incredibly powerful and useful.,5,2023-01-27T16:15:18Z
https://www.trustpilot.com/review/www.monday.com?page=2,https://www.trustpilot.com/review/www.monday.com?page=2,monday.com,2984,4.1,https://monday.com/lp/aw/crm-software/?utm_source=mb&utm_campaign=trustpilot&utm_medium=crm,4,support@monday.com,1 (201) 778-4567,United States,CRM Provider,"Ramon Ascencio, GM",MX,2022-10-11T02:27:11.000Z,We are all merging to the use of MONDAY…,"We are all merging to the use of MONDAY for our Resort Operations in all aspects. Finally, we can keep track of pending, time lines, charts and how far are we ahead (or behind) on tasks. As always there is resistance form the team, but once they get the hang of it, the improvement on response times is evident. Highly recommended.",5,2023-01-27T16:15:18Z
https://www.trustpilot.com/review/www.monday.com?page=2,https://www.trustpilot.com/review/www.monday.com?page=2,monday.com,2984,4.1,https://monday.com/lp/aw/crm-software/?utm_source=mb&utm_campaign=trustpilot&utm_medium=crm,4,support@monday.com,1 (201) 778-4567,United States,CRM Provider,Charlie Kickham,GB,2022-10-27T10:15:17.000Z,The flaws are,"The flaws are 
- you can't link tasks between boards so if you have one staff finishing project A and want them to move directly to project B you can't link that. 
- the pdf output is poor, but fine if you just use the live link to view/share. But if you need saved PDF's which are snap shots in time to be able to manage the contract against then a 'live' link is useless. 
- the minimum account is 3 seats so even if it's just for you, you'll still pay for 3 seats. 
- unless you hit it hard you're unlikely to know if it works for you during the short free trial period.",1,2023-01-27T16:15:18Z
https://www.trustpilot.com/review/www.monday.com?page=2,https://www.trustpilot.com/review/www.monday.com?page=2,monday.com,2984,4.1,https://monday.com/lp/aw/crm-software/?utm_source=mb&utm_campaign=trustpilot&utm_medium=crm,4,support@monday.com,1 (201) 778-4567,United States,CRM Provider,Vanessa,DE,2022-10-12T17:47:15.000Z,A fully flexible CRM,"I was looking for a fully flexible interface where we can manage all our different brands: B2B and D2C. The self-learning sessions and tutorials were very helpful so that even non tech-savvy users could easily manage everything within just a few clicks. It was a big step in terms of marketing and sales automation. The staff was very helpful, patient and a great strategic sparring partner. With the usage of Monday we were able to build a strong base so that we can now create scalable results.",5,2023-01-27T16:15:18Z
https://www.trustpilot.com/review/www.monday.com?page=2,https://www.trustpilot.com/review/www.monday.com?page=2,monday.com,2984,4.1,https://monday.com/lp/aw/crm-software/?utm_source=mb&utm_campaign=trustpilot&utm_medium=crm,4,support@monday.com,1 (201) 778-4567,United States,CRM Provider,Philip Martin,GB,2022-09-29T10:08:46.000Z,Monday.com is not GDPR or EU Data…,"Monday.com is not GDPR or EU Data compliant and unless you pay for Enterprise, they do not care. You cannot use Monday.com legally if you store any form of contact details, ie in the CRM they provide. The refusal to sort this is unacceptable. We recommend moving to Asana or other legally compliant offerings.

Monday.com has been nothing but terrible regarding getting support.

Lookup: July 2020 - EU/US Privacy Shield Ruling",1,2023-01-27T16:15:18Z
https://www.trustpilot.com/review/www.monday.com?page=2,https://www.trustpilot.com/review/www.monday.com?page=2,monday.com,2984,4.1,https://monday.com/lp/aw/crm-software/?utm_source=mb&utm_campaign=trustpilot&utm_medium=crm,4,support@monday.com,1 (201) 778-4567,United States,CRM Provider,Nadia,ID,2023-01-08T03:04:53.000Z,Easy to manage tasks,"Easy to manage tasks, very helpful to track project milestones.",5,2023-01-27T16:15:18Z
https://www.trustpilot.com/review/www.monday.com?page=2,https://www.trustpilot.com/review/www.monday.com?page=2,monday.com,2984,4.1,https://monday.com/lp/aw/crm-software/?utm_source=mb&utm_campaign=trustpilot&utm_medium=crm,4,support@monday.com,1 (201) 778-4567,United States,CRM Provider,Melinda Szabo - EGLO,AT,2022-04-25T15:25:12.965Z,Register data and analize it at once - project management and KPI in one,"A very good software for following up the projects, working transparently with different teams. As well can be used for Gantt project planning , offering the ""helicopter view"" - overview on the status. 
The possibility of analyzing different data such as cooperation level and capacity tracking with the suppliers, project split up in the teams etc.",5,2023-01-27T16:15:18Z
https://www.trustpilot.com/review/www.monday.com?page=2,https://www.trustpilot.com/review/www.monday.com?page=2,monday.com,2984,4.1,https://monday.com/lp/aw/crm-software/?utm_source=mb&utm_campaign=trustpilot&utm_medium=crm,4,support@monday.com,1 (201) 778-4567,United States,CRM Provider,Ahmad Atiyyeh,AE,2022-04-15T13:42:41.000Z,one of the worst support I ever had in…,"one of the worst support I ever had in my life, I saw tons of ads for them so I felt like let's try it, they have a lot of difficulties in terms of technology and integration things, However, when you try to talk to anyone they are the worst experience in my life for support and customer service..... Not Recommended at all if your technical/ customer support",1,2023-01-27T16:15:18Z
https://www.trustpilot.com/review/www.monday.com?page=2,https://www.trustpilot.com/review/www.monday.com?page=2,monday.com,2984,4.1,https://monday.com/lp/aw/crm-software/?utm_source=mb&utm_campaign=trustpilot&utm_medium=crm,4,support@monday.com,1 (201) 778-4567,United States,CRM Provider,Brandon,US,2022-11-03T01:50:33.000Z,An essential tool for the modern workplace.,"Monday is an essential tool for the modern workplace. It offers an intuitive view of tasks, their deadlines, and status. The messaging, file sharing, and overall design is great!",5,2023-01-27T16:15:18Z
https://www.trustpilot.com/review/www.monday.com?page=2,https://www.trustpilot.com/review/www.monday.com?page=2,monday.com,2984,4.1,https://monday.com/lp/aw/crm-software/?utm_source=mb&utm_campaign=trustpilot&utm_medium=crm,4,support@monday.com,1 (201) 778-4567,United States,CRM Provider,Irene Moriarty,US,2022-04-11T12:47:40.000Z,Our decision to start using Monday.com…,Our decision to start using Monday.com to keep our team organized and in sync was one of the best decisions we have made.  Monday.com is easy to use and easy to learn.  We use it to keep our transactions and marketing efforts on track.  Tasks can be assigned to members of the group and collaboration on projects is a snap.  We highly recommend Monday.com to anyone who is looking for a way to improve their team or group's production efficiency.,5,2023-01-27T16:15:18Z
https://www.trustpilot.com/review/www.monday.com?page=2,https://www.trustpilot.com/review/www.monday.com?page=2,monday.com,2984,4.1,https://monday.com/lp/aw/crm-software/?utm_source=mb&utm_campaign=trustpilot&utm_medium=crm,4,support@monday.com,1 (201) 778-4567,United States,CRM Provider,Scott Hills,US,2022-04-26T14:17:50.389Z,Efficient solutions for our business...,"monday.com has helped us come up with efficient solutions for our business. We have multiple boards to help track the progress of dozens of current orders, samples and jobs. I have multiple contact lists and a product database that help our office function day to day. Everything is customizable and easy to work with. Very intuitive.",5,2023-01-27T16:15:18Z
https://www.trustpilot.com/review/www.monday.com?page=2,https://www.trustpilot.com/review/www.monday.com?page=2,monday.com,2984,4.1,https://monday.com/lp/aw/crm-software/?utm_source=mb&utm_campaign=trustpilot&utm_medium=crm,4,support@monday.com,1 (201) 778-4567,United States,CRM Provider,Kristin M.,US,2022-03-15T15:01:14.000Z,Love Monday.com,"This software is the fundamental instrument in helping me do my job efficiently. With Monday.com, I am able to handle a lot of tasks efficiently and paperlessly.  When I first started using it, I was unsure.  One I started to play with this software, it became very user friendly, and possibilities and capabilities are infinite.  They keep adding on to it, too.  I hope they add mirrored column capabilities to automations soon.",4,2023-01-27T16:15:18Z
https://www.trustpilot.com/review/www.monday.com?page=2,https://www.trustpilot.com/review/www.monday.com?page=2,monday.com,2984,4.1,https://monday.com/lp/aw/crm-software/?utm_source=mb&utm_campaign=trustpilot&utm_medium=crm,4,support@monday.com,1 (201) 778-4567,United States,CRM Provider,Jeffrey,US,2022-03-24T10:37:18.000Z,Easy to use and learn.,"At my first look at this program I thought here we go another spread sheet in a different format. But after pressing into it I found it to be so easy to use. I really didn't take the training on it until later after using it. It is so simple and user friendly. It wasn't hard to work with and learn how it works. The support for the small needs I had, gave quick and helpful tips on the need. Thank you to all involved in creating this application.",5,2023-01-27T16:15:18Z
https://www.trustpilot.com/review/www.monday.com?page=2,https://www.trustpilot.com/review/www.monday.com?page=2,monday.com,2984,4.1,https://monday.com/lp/aw/crm-software/?utm_source=mb&utm_campaign=trustpilot&utm_medium=crm,4,support@monday.com,1 (201) 778-4567,United States,CRM Provider,Marcelo Szeer,BR,2022-02-22T19:56:37.000Z,Worst Support Ever,"I am struggling, since november 2021, for a simple task which is to duplicate the account data to a new account so we can separate the companies as we are doing a spin-off.. I simply can't relyon their team to help me achieving that, they simply don't fix the issue and don't provide any time frame of when/ if this will fixed. It is simply an absurd and total lack of good will to help their customers.",1,2023-01-27T16:15:18Z
https://www.trustpilot.com/review/www.monday.com?page=2,https://www.trustpilot.com/review/www.monday.com?page=2,monday.com,2984,4.1,https://monday.com/lp/aw/crm-software/?utm_source=mb&utm_campaign=trustpilot&utm_medium=crm,4,support@monday.com,1 (201) 778-4567,United States,CRM Provider,Dimitry Volkov,IL,2022-04-05T06:55:29.000Z,Great platform for all types of operations,"For the last four years, I've been working with Monday at three different companies. It has always served me well. I've seen it evolve and get better over time.
I try to attend every webinar they host and see the latest features.
It's a wonderful tool that keeps on improving and can be used for all types of operations and projects.",5,2023-01-27T16:15:18Z
https://www.trustpilot.com/review/www.monday.com?page=2,https://www.trustpilot.com/review/www.monday.com?page=2,monday.com,2984,4.1,https://monday.com/lp/aw/crm-software/?utm_source=mb&utm_campaign=trustpilot&utm_medium=crm,4,support@monday.com,1 (201) 778-4567,United States,CRM Provider,Robyn Slocum,US,2022-03-08T14:34:49.000Z,Monday.com has been amazing for our communication and efficiency,"Monday.com has been amazing for our company.  The platform has provided us with a great solution to our organization and communication needs.  If ever there is a problem, we just submit a request for help and someone emails us back usually that same day.  There are such a variety of functions to assist you in working most efficiently.  I am just excited to learn more that Monday.com has to offer because I think we've only scratched the surface.",5,2023-01-27T16:15:18Z
https://www.trustpilot.com/review/www.monday.com?page=2,https://www.trustpilot.com/review/www.monday.com?page=2,monday.com,2984,4.1,https://monday.com/lp/aw/crm-software/?utm_source=mb&utm_campaign=trustpilot&utm_medium=crm,4,support@monday.com,1 (201) 778-4567,United States,CRM Provider,Gautam Shenoy,US,2022-10-11T23:40:45.000Z,"If it were any cooler, it would be Saturday.com!","I came across Monday.com when I started a new job leading Technology at an Architecture Design firm. Once I started to look around and give it a try, I found it to be really intuitive, easy to learn and use. 

What I loved about it the most is the ability to have charts, logs and other means to visualize, coordinate and collaborate tasks for our team. So now, it has become a standard for my team to get ourselves organized and moving forward.

It is quickly becoming a choice for many others who have seen us use it in meetings and conference calls. Its only a matter of time before it...... I will hold my thoughts for now. 

Thank you for making a smart, intuitive and adaptive product that promises to boost connectivity, dialog and teaming configs.",5,2023-01-27T16:15:18Z
https://www.trustpilot.com/review/www.monday.com?page=2,https://www.trustpilot.com/review/www.monday.com?page=2,monday.com,2984,4.1,https://monday.com/lp/aw/crm-software/?utm_source=mb&utm_campaign=trustpilot&utm_medium=crm,4,support@monday.com,1 (201) 778-4567,United States,CRM Provider,Jonathan Reed,US,2022-02-25T15:29:23.000Z,Streamed Lined our Project Management,Our IT team had no project management tools to speak of. Every project was scattered across paper in several different filing cabinets and docs across several different servers. Monday.com provided a centralized repository for all of our projects and the ability to track our work loads. Its ability to integrate with a 3rd-party ticketing system we use was insanely useful and has helped opened up a whole new world of productivity for us. Highly recommend.,5,2023-01-27T16:15:18Z
https://www.trustpilot.com/review/www.monday.com?page=2,https://www.trustpilot.com/review/www.monday.com?page=2,monday.com,2984,4.1,https://monday.com/lp/aw/crm-software/?utm_source=mb&utm_campaign=trustpilot&utm_medium=crm,4,support@monday.com,1 (201) 778-4567,United States,CRM Provider,Lara Clickner,US,2022-03-25T16:44:10.000Z,"Big projects or small, keeping us on track!","We adopted Monday.com last year with the goal of finding an intuitive customer-facing tool with easy account management and robust reporting tools to manage a range of projects. Monday.com checked all of those boxes for us, and has been a great resource for our staff and our customers to manage simple and complex projects.",5,2023-01-27T16:15:18Z
https://www.trustpilot.com/review/www.monday.com?page=3,https://www.trustpilot.com/review/www.monday.com?page=3,monday.com,2984,4.1,https://monday.com/lp/aw/crm-software/?utm_source=mb&utm_campaign=trustpilot&utm_medium=crm,4,support@monday.com,1 (201) 778-4567,United States,CRM Provider,Jenny Harle,US,2022-04-30T23:14:18.000Z,Great for a diverse team of users,"I've used a lot of different organization and collaboration software, and Monday.com is by far the best when it comes to facilitating work between technical and non-technical users. I love how easy it is to customize and set up automations. We are getting more done without friction. Can't beat it!",5,2023-01-27T16:15:40Z
https://www.trustpilot.com/review/www.monday.com?page=3,https://www.trustpilot.com/review/www.monday.com?page=3,monday.com,2984,4.1,https://monday.com/lp/aw/crm-software/?utm_source=mb&utm_campaign=trustpilot&utm_medium=crm,4,support@monday.com,1 (201) 778-4567,United States,CRM Provider,Jana,DE,2022-03-01T14:47:28.000Z,Easy to handle,I can only recommend monday to everyone who likes it organized with a good overview and not too complicated. Easy to handle and it feels like not one single function is missing. So - if you are working in a big or a small team or just by yourself: In each case I would recommend using this App because it really makes life easier!,5,2023-01-27T16:15:40Z
https://www.trustpilot.com/review/www.monday.com?page=3,https://www.trustpilot.com/review/www.monday.com?page=3,monday.com,2984,4.1,https://monday.com/lp/aw/crm-software/?utm_source=mb&utm_campaign=trustpilot&utm_medium=crm,4,support@monday.com,1 (201) 778-4567,United States,CRM Provider,Neil ,IL,2022-01-03T10:43:22.000Z,Monday has become my go-to for everything,"Monday has become my go-to for everything. It's flexible, convenient, and has great features that allow me to use it for simple and complex tasks alike. I use it to run one on one meetings, to manage a sprint, to define BDD's by the product, even to define the software architecture for projects.
It has so many built in tools that I rarely find myself working in other tools.",5,2023-01-27T16:15:40Z
https://www.trustpilot.com/review/www.monday.com?page=3,https://www.trustpilot.com/review/www.monday.com?page=3,monday.com,2984,4.1,https://monday.com/lp/aw/crm-software/?utm_source=mb&utm_campaign=trustpilot&utm_medium=crm,4,support@monday.com,1 (201) 778-4567,United States,CRM Provider,Andrea Fergusson,PA,2022-01-12T13:05:07.000Z,I was new to Monday when...,"I was new to Monday when my team first suggested to start using it, and I have learned so much from it. The more I go through their easy to perform blogs and forums and videos (they have tons of resources for you to refer to), the more I feel comfortable with creating thousands of things that have spiked my creativity and my team's to perform better and faster, all though a nice, user friendly and colorful interface. Thank you, Monday!",5,2023-01-27T16:15:40Z
https://www.trustpilot.com/review/www.monday.com?page=3,https://www.trustpilot.com/review/www.monday.com?page=3,monday.com,2984,4.1,https://monday.com/lp/aw/crm-software/?utm_source=mb&utm_campaign=trustpilot&utm_medium=crm,4,support@monday.com,1 (201) 778-4567,United States,CRM Provider,Small Business Owner,US,2021-12-20T18:51:17.000Z,Watch Out - You Won't Get a Refund,"We were pretty disappointed with the lack of customer support when it came to cancelling our annual plan. They're very strict about their ""30-day money back guarantee window"" if you're outside of those 30 days. They secured $25 million series B funding but won't approve a prorated refund of a couple hundred bucks to our small business. Be sure you really want to use their services before you pay the annual fee.",1,2023-01-27T16:15:40Z
https://www.trustpilot.com/review/www.monday.com?page=3,https://www.trustpilot.com/review/www.monday.com?page=3,monday.com,2984,4.1,https://monday.com/lp/aw/crm-software/?utm_source=mb&utm_campaign=trustpilot&utm_medium=crm,4,support@monday.com,1 (201) 778-4567,United States,CRM Provider,Mehmet Uyar,GB,2022-02-22T00:19:13.000Z,Awful support,"Awful support, we found a bug on their system but their support asks us If have checked that with another browser. They asked the same questions, we have sent screenshots and video records after a week I have sent them developer network logs, console logs, and all definitions. Now they told me that they will return back to us.

That is ironic that they still haven't realized they have this bug and all our work is ruined because of their bug. We were using them for more than 2 years.",1,2023-01-27T16:15:40Z
https://www.trustpilot.com/review/www.monday.com?page=3,https://www.trustpilot.com/review/www.monday.com?page=3,monday.com,2984,4.1,https://monday.com/lp/aw/crm-software/?utm_source=mb&utm_campaign=trustpilot&utm_medium=crm,4,support@monday.com,1 (201) 778-4567,United States,CRM Provider,Mary,US,2021-12-07T13:56:28.000Z,use Monday.com YOUR way,"I like the ease of Monday.com for different levels of users and their departmental needs. We have some using complex boards for team co-creation management. I use the board set up two different ways. One, as a summary grid for a group who just wants to use it for pulling information and two, another board I call ""working"" to assign tasks. Cool platform. I like the options very much.",5,2023-01-27T16:15:40Z
https://www.trustpilot.com/review/www.monday.com?page=3,https://www.trustpilot.com/review/www.monday.com?page=3,monday.com,2984,4.1,https://monday.com/lp/aw/crm-software/?utm_source=mb&utm_campaign=trustpilot&utm_medium=crm,4,support@monday.com,1 (201) 778-4567,United States,CRM Provider,Duncan Steenkamp,ZA,2022-01-05T08:16:24.000Z,Stay on top of your processes,"Fantastic tool to use in order to enhance your interactions between internal processes and clients. Helps keep track of where in the client lifecycle your client currently is, when to make contact and when there are items outstanding. I found that it's very customisable and found the local support team to be very responsive and willing to help.",5,2023-01-27T16:15:40Z
https://www.trustpilot.com/review/www.monday.com?page=3,https://www.trustpilot.com/review/www.monday.com?page=3,monday.com,2984,4.1,https://monday.com/lp/aw/crm-software/?utm_source=mb&utm_campaign=trustpilot&utm_medium=crm,4,support@monday.com,1 (201) 778-4567,United States,CRM Provider,Tom,CA,2022-02-04T15:25:59.000Z,"I have read the 5 Star ""reviews"" and I…","I have read the 5 Star ""reviews"" and I am skeptical. To say the least. We have been using it mostly as a CRM for the past 2 years and it is awful. To say the least. As for customer support. Good luck with that!!

We are currently evaluating other options and will be transitioning away from this monstrosity as soon as possible.",2,2023-01-27T16:15:40Z
https://www.trustpilot.com/review/www.monday.com?page=3,https://www.trustpilot.com/review/www.monday.com?page=3,monday.com,2984,4.1,https://monday.com/lp/aw/crm-software/?utm_source=mb&utm_campaign=trustpilot&utm_medium=crm,4,support@monday.com,1 (201) 778-4567,United States,CRM Provider,John Kroeger,US,2021-11-16T16:18:52.000Z,Monday is a REALLY bad company,"Monday is a really bad company.  Horrible customer service.  They sell you into paying for the software, it has a ton of bugs, then they refuse to help fix the issue.  I simply cannot enter a location in the location section without it being auto erased, and their customer service says that they can't help me right now as they are shifting their focus on more important things.  Unbelievable.",1,2023-01-27T16:15:40Z
https://www.trustpilot.com/review/www.monday.com?page=3,https://www.trustpilot.com/review/www.monday.com?page=3,monday.com,2984,4.1,https://monday.com/lp/aw/crm-software/?utm_source=mb&utm_campaign=trustpilot&utm_medium=crm,4,support@monday.com,1 (201) 778-4567,United States,CRM Provider,Qasim Ali Hussain,GB,2022-02-10T13:17:23.000Z,Makes work life so much easier,"Makes work life so much easier! Can break things down to different dates and different tasks and easily assign them. Good way of communication too rather than emails. Amazing for working from home. I have always used Microsoft Teams for this sort of stuff but now that I have been introduced to Monday by my work, I have been a lot more organised.

It has only ever gone down on me once and it was fixed very quickly. I had so many past issues with Microsoft Teams this is the best in my opinion.",5,2023-01-27T16:15:40Z
https://www.trustpilot.com/review/www.monday.com?page=3,https://www.trustpilot.com/review/www.monday.com?page=3,monday.com,2984,4.1,https://monday.com/lp/aw/crm-software/?utm_source=mb&utm_campaign=trustpilot&utm_medium=crm,4,support@monday.com,1 (201) 778-4567,United States,CRM Provider,Joy Heldt,US,2022-05-05T15:14:50.000Z,Monday.com has made things so smooth in…,Monday.com has made things so smooth in our office. Client follow up is a breeze. It has also allowed our team to work remotely when needed.  It also makes team communication so easy. In addition Monday.com has helped us solidify responsibilities. Automations - set it a forget it.,5,2023-01-27T16:15:40Z
https://www.trustpilot.com/review/www.monday.com?page=3,https://www.trustpilot.com/review/www.monday.com?page=3,monday.com,2984,4.1,https://monday.com/lp/aw/crm-software/?utm_source=mb&utm_campaign=trustpilot&utm_medium=crm,4,support@monday.com,1 (201) 778-4567,United States,CRM Provider,Jonathan Wood,US,2022-02-22T16:04:02.000Z,Great for marketing operations,"Our marketing department uses monday.com to collaborate across multiple teams and disciplines for all of our projects. Whether we're needing to involve content writers, graphic designers, web developers, or all of the above. We can bring our team(s) together, create something special, and meet our deadlines.",5,2023-01-27T16:15:40Z
https://www.trustpilot.com/review/www.monday.com?page=3,https://www.trustpilot.com/review/www.monday.com?page=3,monday.com,2984,4.1,https://monday.com/lp/aw/crm-software/?utm_source=mb&utm_campaign=trustpilot&utm_medium=crm,4,support@monday.com,1 (201) 778-4567,United States,CRM Provider,Gokhan Yavuz,GB,2022-04-12T14:51:56.000Z,12/04/22 Platform is down!!!!,"12/04/22 - our company is having a roadmap meeting which includes all senior managers, and monday.com platform is not working. We have been keeping our roadmap in monday.com, and we are now discussing it without checking our roadmap items. Looking to change this platform in our company.",1,2023-01-27T16:15:40Z
https://www.trustpilot.com/review/www.monday.com?page=3,https://www.trustpilot.com/review/www.monday.com?page=3,monday.com,2984,4.1,https://monday.com/lp/aw/crm-software/?utm_source=mb&utm_campaign=trustpilot&utm_medium=crm,4,support@monday.com,1 (201) 778-4567,United States,CRM Provider,Casey Howe,US,2022-08-02T22:33:33.000Z,"Support is bad bad bad, site goes down a lot and is buggy.","Support is bad bad bad.  They only offer email support and I've been down for a week and it's taking 24 + hours for each returned email.  Considering we use it to run mission-critical parts of our business, it's just not sustainable.",1,2023-01-27T16:15:40Z
https://www.trustpilot.com/review/www.monday.com?page=3,https://www.trustpilot.com/review/www.monday.com?page=3,monday.com,2984,4.1,https://monday.com/lp/aw/crm-software/?utm_source=mb&utm_campaign=trustpilot&utm_medium=crm,4,support@monday.com,1 (201) 778-4567,United States,CRM Provider,Yvonne Stephens,GB,2022-04-26T10:42:33.714Z,Easy to use but can malfunction at times!,"Whilst monday.com is easy to use and navigate round, there have been quite a few issues lately where monday.com has gone down due to having 'technical issues'. This has caused some problems for me during the working day. It has happened more than once in a working week recently.",4,2023-01-27T16:15:40Z
https://www.trustpilot.com/review/www.monday.com?page=3,https://www.trustpilot.com/review/www.monday.com?page=3,monday.com,2984,4.1,https://monday.com/lp/aw/crm-software/?utm_source=mb&utm_campaign=trustpilot&utm_medium=crm,4,support@monday.com,1 (201) 778-4567,United States,CRM Provider,Levi Propst,US,2022-02-07T20:35:18.000Z,Do not use!! Customer Service is a Nightmare!,"Horrible experience using Monday.com. My company already had an account made, so I paid for 1 year with 3 users. But because there were already people on the account from years past, I ended up getting billed for 10 people. I was not account admin, so I can't remove the people from my team nor can I cancel my account or do anything. So now I'm desperately trying to get a refund buy I keep getting automated responses and nothing is getting resolved. Do not waste your time and money and find another program to use.",1,2023-01-27T16:15:40Z
https://www.trustpilot.com/review/www.monday.com?page=3,https://www.trustpilot.com/review/www.monday.com?page=3,monday.com,2984,4.1,https://monday.com/lp/aw/crm-software/?utm_source=mb&utm_campaign=trustpilot&utm_medium=crm,4,support@monday.com,1 (201) 778-4567,United States,CRM Provider,Steve G.,US,2021-09-29T14:27:48.000Z,This company offers no phone support at…,"This company offers no phone support at all. Will not assist in any integration guidance, and the only form of correspondence is email. The email replies are about 6 hours apart from each other. If you are looking for videos etc. for help, they are never thorough instruction for integration purposes. IF YOU NEED HELP, DON'T EXPECT IT FROM THEM. FYI",1,2023-01-27T16:15:40Z
https://www.trustpilot.com/review/www.monday.com?page=3,https://www.trustpilot.com/review/www.monday.com?page=3,monday.com,2984,4.1,https://monday.com/lp/aw/crm-software/?utm_source=mb&utm_campaign=trustpilot&utm_medium=crm,4,support@monday.com,1 (201) 778-4567,United States,CRM Provider,sahrestani mousavi,GB,2021-11-10T22:35:26.000Z,They have taken £850 from my account,"A few weeks ago I messaged their support team to ask them about my team pricing because the website is very unorganised. I had to spend over an hour to find how many people I have on my team and what the pricing for my current upgrade is. 

Instead of getting the response quickly, I saw today they have taken £850 from my account!!",1,2023-01-27T16:15:40Z
https://www.trustpilot.com/review/www.monday.com?page=3,https://www.trustpilot.com/review/www.monday.com?page=3,monday.com,2984,4.1,https://monday.com/lp/aw/crm-software/?utm_source=mb&utm_campaign=trustpilot&utm_medium=crm,4,support@monday.com,1 (201) 778-4567,United States,CRM Provider,Leonardo Santos,BR,2022-03-30T16:06:13.000Z,"The platform is really great, but a bit overwhelming","The platform is very good! Easy to use and useful.
I feel like there's a lot of information and possibilities that I could use and so it feels a little overwhelmed. Creating simple everyday uses will bring more directions in this regard. How to solve specific and routine problems.",4,2023-01-27T16:15:40Z
https://www.trustpilot.com/review/www.monday.com?page=4,https://www.trustpilot.com/review/www.monday.com?page=4,monday.com,2984,4.1,https://monday.com/lp/aw/crm-software/?utm_source=mb&utm_campaign=trustpilot&utm_medium=crm,4,support@monday.com,1 (201) 778-4567,United States,CRM Provider,Ludovic V.,FR,2021-07-19T05:20:05.000Z,"Great system, when it actually works.","What works with the system is brilliant. And during the free trial they fixed the bugs (and boy, were there bugs...
Once I paid though (for a full year) I came across a previous bug I had told them about that wasn’t fixed and became even worse and their answer was “it is at the back of the queue and we will keep it in mind”. 
A polite way to say it won’t be fixed even though it severely impacts our ability to use it.
Edit: a typo",2,2023-01-27T16:16:11Z
https://www.trustpilot.com/review/www.monday.com?page=4,https://www.trustpilot.com/review/www.monday.com?page=4,monday.com,2984,4.1,https://monday.com/lp/aw/crm-software/?utm_source=mb&utm_campaign=trustpilot&utm_medium=crm,4,support@monday.com,1 (201) 778-4567,United States,CRM Provider,Bill Maslin,AU,2021-07-07T02:58:15.000Z,Deceptive marketing,"Deceptive marketing. It is not a CRM. Does not have appropriate email capabilities for a CRM. Integrations are useless as you cannot get email field in any JSON data for webhooks for column updates etc. No way to deal with duplicates. Doesn't capture customer replies to pusle, so missing links in email chain.
It's an over priced glorified spreadsheet. Good for some things, but to pass it off as a CRM use case is a blatant lie.",1,2023-01-27T16:16:11Z
https://www.trustpilot.com/review/www.monday.com?page=4,https://www.trustpilot.com/review/www.monday.com?page=4,monday.com,2984,4.1,https://monday.com/lp/aw/crm-software/?utm_source=mb&utm_campaign=trustpilot&utm_medium=crm,4,support@monday.com,1 (201) 778-4567,United States,CRM Provider,JCival,MX,2022-01-10T14:53:28.000Z,Monday helped me take my business to…,"Monday helped me take my business to the next level. With monday I was able to structure my companies from the area of ​​projects, sales, purchases, human resources, logistics and transportation; managing to identify what is happening in the company in real time. As I say to my own team, Monday is not to record information, but part of your day to day, it is a tool that allows you to do the job easier.
The best thing about Monday is that you can easily create job boards and have everyone working from the same platform.",5,2023-01-27T16:16:11Z
https://www.trustpilot.com/review/www.monday.com?page=4,https://www.trustpilot.com/review/www.monday.com?page=4,monday.com,2984,4.1,https://monday.com/lp/aw/crm-software/?utm_source=mb&utm_campaign=trustpilot&utm_medium=crm,4,support@monday.com,1 (201) 778-4567,United States,CRM Provider,Sammy Jo Beloso,US,2022-02-24T13:52:58.000Z,Perfect for our small team,"Love monday.com! I tried all kinds of CRMs with a horrible project management system, and all kinds of project management systems with no helpful CRM. This is capable of everything I need at a MUCH lower price. The automations save my life running a small business with a small team.",5,2023-01-27T16:16:11Z
https://www.trustpilot.com/review/www.monday.com?page=4,https://www.trustpilot.com/review/www.monday.com?page=4,monday.com,2984,4.1,https://monday.com/lp/aw/crm-software/?utm_source=mb&utm_campaign=trustpilot&utm_medium=crm,4,support@monday.com,1 (201) 778-4567,United States,CRM Provider,Radek Wyrzykowski,US,2021-12-07T16:16:13.000Z,Most modern and yet simple to use…,"Most modern and yet simple to use project management platform. It has all the elements to be able to create simple projects and very complex ones—nice clean visuals with all the features necessary for any project management. The more you use it, the more usable options you discover. I absolutely LOVE IT!",5,2023-01-27T16:16:11Z
https://www.trustpilot.com/review/www.monday.com?page=4,https://www.trustpilot.com/review/www.monday.com?page=4,monday.com,2984,4.1,https://monday.com/lp/aw/crm-software/?utm_source=mb&utm_campaign=trustpilot&utm_medium=crm,4,support@monday.com,1 (201) 778-4567,United States,CRM Provider,BRIAN GILMORE,US,2022-01-20T13:08:37.000Z,Monday has an amazing platform,"Monday has an amazing platform. I was able to eliminate 85% if not more of all the emails our team was sharing back and forth. With its automation, I'm able to get notification on project changes and determine where I want a project moved when needed. The mobile app is a big plus, and comes in handy to our guys on the field. Also, the dashboard is pretty rocking. ;) 

What about their customer support? 

They are great! I have quick access to them, and they reply to my questions in minutes with a great response and a great attitude.",5,2023-01-27T16:16:11Z
https://www.trustpilot.com/review/www.monday.com?page=4,https://www.trustpilot.com/review/www.monday.com?page=4,monday.com,2984,4.1,https://monday.com/lp/aw/crm-software/?utm_source=mb&utm_campaign=trustpilot&utm_medium=crm,4,support@monday.com,1 (201) 778-4567,United States,CRM Provider,Peter,GB,2021-07-13T14:27:35.000Z,Price Hike of 45% in a month!,"The CEO will not interact with customers, challenging a 45% price increase results in ‘If you unfortunately, decide that you would not like to renew the subscription next month, I understand’ in other words if you don’t like it just go away we dont care enough people have swallowed the 45% increase and then suggested that they are doing me a deal if I have less users than you need and sign up for a year (and that it is still 20% higher than I was paying a month ago).",1,2023-01-27T16:16:11Z
https://www.trustpilot.com/review/www.monday.com?page=4,https://www.trustpilot.com/review/www.monday.com?page=4,monday.com,2984,4.1,https://monday.com/lp/aw/crm-software/?utm_source=mb&utm_campaign=trustpilot&utm_medium=crm,4,support@monday.com,1 (201) 778-4567,United States,CRM Provider,Andrea Cockerl-Patrick,US,2022-03-22T12:53:11.000Z,Monday's support team is outstanding,Monday's support team is outstanding.  They are very responsive and help you until the situation is resolved.  And then they even send you a follow-up to make sure everything is working properly.  Other companies should take note...THIS IS HOW YOU CREATE LOYAL CUSTOMERS.,5,2023-01-27T16:16:11Z
https://www.trustpilot.com/review/www.monday.com?page=4,https://www.trustpilot.com/review/www.monday.com?page=4,monday.com,2984,4.1,https://monday.com/lp/aw/crm-software/?utm_source=mb&utm_campaign=trustpilot&utm_medium=crm,4,support@monday.com,1 (201) 778-4567,United States,CRM Provider,Lee Wilkinson,ES,2021-02-01T11:38:35.000Z,Poor support and customer services.,"Poor support and customer services.
They constantly try to upgrade your account and over charge. We had a 25 user account and exceeded this by 1 so instead of increasing this plan from 25 to 30 they upgrade our plan to pro 50 user charging double the subscription £250 -£470 per month. I had emailed them every day for 4 days prior telling them we didn't want this but they didn't listen",1,2023-01-27T16:16:11Z
https://www.trustpilot.com/review/www.monday.com?page=4,https://www.trustpilot.com/review/www.monday.com?page=4,monday.com,2984,4.1,https://monday.com/lp/aw/crm-software/?utm_source=mb&utm_campaign=trustpilot&utm_medium=crm,4,support@monday.com,1 (201) 778-4567,United States,CRM Provider,Taylor Kerr,US,2021-05-04T19:14:44.000Z,Cost Increased Value Decreased.,We utilized Monday for a year at our company with much disappointment. Each revision of the product released made the product less intuitive and useful while drastically increasing pricing. The cost continued to rise while the benefit decreased. The product is not user friendly and has many quirks that make it difficult to use. Very disappointed.,1,2023-01-27T16:16:11Z
https://www.trustpilot.com/review/www.monday.com?page=4,https://www.trustpilot.com/review/www.monday.com?page=4,monday.com,2984,4.1,https://monday.com/lp/aw/crm-software/?utm_source=mb&utm_campaign=trustpilot&utm_medium=crm,4,support@monday.com,1 (201) 778-4567,United States,CRM Provider,Sarah Christensen,CA,2022-04-26T15:54:58.565Z,Great tool since we switched over from Asana,"We switched our team over from Asana and have been loving it ever since to keep track of what everyone's working on. We're still figuring things out for templates and integrations, but for logging tasks and keeping everyone on track it's a great tool so far!",5,2023-01-27T16:16:11Z
https://www.trustpilot.com/review/www.monday.com?page=4,https://www.trustpilot.com/review/www.monday.com?page=4,monday.com,2984,4.1,https://monday.com/lp/aw/crm-software/?utm_source=mb&utm_campaign=trustpilot&utm_medium=crm,4,support@monday.com,1 (201) 778-4567,United States,CRM Provider,kim nguyen,AU,2020-12-10T00:59:20.000Z,Amazingness!,"Hi Monday.com team,

I hope you are all keeping safe and well.

From one team to another, thank you for an amazing platform to set challenges and ease of workflow for our team here. It encourages us to challenge ourselves everyday and to have Monday.com backing us we are nothing but thrilled.

Amazing work team and it can only get better, if this is where you are at NOW!

Cheers!",5,2023-01-27T16:16:11Z
https://www.trustpilot.com/review/www.monday.com?page=4,https://www.trustpilot.com/review/www.monday.com?page=4,monday.com,2984,4.1,https://monday.com/lp/aw/crm-software/?utm_source=mb&utm_campaign=trustpilot&utm_medium=crm,4,support@monday.com,1 (201) 778-4567,United States,CRM Provider,M,US,2021-09-17T11:11:06.000Z,Very Expensive: Not Start-up Friendly,"Very expensive and not Start-up friendly. I'm using Monday in my start up ecommerce business to keep a tab on time worked for my virtual assistants. I make them clock in and out per se, on Monday. Just paying for 3 seats a month is expensive, and not only that, but now they are making me pay for the private boards feature. Of course i'd want my employee salaries and time worked to be private. It's too much and I should really consider if this is right for me and my kind of business.

Mike,
OrnamentallyYou",2,2023-01-27T16:16:11Z
https://www.trustpilot.com/review/www.monday.com?page=4,https://www.trustpilot.com/review/www.monday.com?page=4,monday.com,2984,4.1,https://monday.com/lp/aw/crm-software/?utm_source=mb&utm_campaign=trustpilot&utm_medium=crm,4,support@monday.com,1 (201) 778-4567,United States,CRM Provider,Nic,US,2022-07-25T15:49:08.000Z,Just awful,"Honestly the vast majority of this software is awful. It’s painful to configure, painful to use, and goes offline more often than the PlayStation network during the anonymous DDoS attacks. It really is just awful to use.",1,2023-01-27T16:16:11Z
https://www.trustpilot.com/review/www.monday.com?page=4,https://www.trustpilot.com/review/www.monday.com?page=4,monday.com,2984,4.1,https://monday.com/lp/aw/crm-software/?utm_source=mb&utm_campaign=trustpilot&utm_medium=crm,4,support@monday.com,1 (201) 778-4567,United States,CRM Provider,Karen Griffin,US,2022-01-12T13:05:43.000Z,Great tool for Agile marketing teams,"We're an Agile marketing team using Monday to run Scrum. We use it in conjunction with our daily scrum and sprint planning every two weeks. I've used many tools over the years, and I really like the flexibility that Monday offers for the Scrum process. It's also very easy to use.",5,2023-01-27T16:16:11Z
https://www.trustpilot.com/review/www.monday.com?page=4,https://www.trustpilot.com/review/www.monday.com?page=4,monday.com,2984,4.1,https://monday.com/lp/aw/crm-software/?utm_source=mb&utm_campaign=trustpilot&utm_medium=crm,4,support@monday.com,1 (201) 778-4567,United States,CRM Provider,Stav Rabinovich,IL,2021-07-22T09:25:11.000Z,Amazing Platform!,"Amazing Platform!
As students unions' CEO, one of the most important things that I wanted to insert is an organized platform that will give me and the chairman easy looking on all teams' assignments. monday.com gave us that exact thing and even more! (We could manage budgets, special occasions planning, etc).",5,2023-01-27T16:16:11Z
https://www.trustpilot.com/review/www.monday.com?page=4,https://www.trustpilot.com/review/www.monday.com?page=4,monday.com,2984,4.1,https://monday.com/lp/aw/crm-software/?utm_source=mb&utm_campaign=trustpilot&utm_medium=crm,4,support@monday.com,1 (201) 778-4567,United States,CRM Provider,cang,AU,2020-12-10T00:49:02.000Z,Awesome,"Hi All,
Landed on Monday.com after several attempts with other softwares.
Definately a challenge every day in terms of how we created/implemented the structure for our team to use for ease of workflow, thanks to the tools provided to set the foundation, our team has thrived on Monday.com and have not looked back.

Thanks Monday.com, well done!",5,2023-01-27T16:16:11Z
https://www.trustpilot.com/review/www.monday.com?page=4,https://www.trustpilot.com/review/www.monday.com?page=4,monday.com,2984,4.1,https://monday.com/lp/aw/crm-software/?utm_source=mb&utm_campaign=trustpilot&utm_medium=crm,4,support@monday.com,1 (201) 778-4567,United States,CRM Provider,Jen Hasson,US,2022-04-07T21:26:22.000Z,The Best Content & Team Management Tool,"I have used more team and content management tools than I can count in my digital marketing career. I have never found a tool that can do everything until I found Monday! I love how you can customize every board, select views that make sense and are easy to navigate, connect and integrate with other platforms and connect with teammates all in one place. Other platforms always felt like they were missing something to make them all inclusive. Well, Monday has everything you need. Also, the customer service is incredible. I have referred clients to Monday-- I can't say enough about what Monday offers.",5,2023-01-27T16:16:11Z
https://www.trustpilot.com/review/www.monday.com?page=4,https://www.trustpilot.com/review/www.monday.com?page=4,monday.com,2984,4.1,https://monday.com/lp/aw/crm-software/?utm_source=mb&utm_campaign=trustpilot&utm_medium=crm,4,support@monday.com,1 (201) 778-4567,United States,CRM Provider,Crown Lane,GB,2021-02-05T11:35:49.000Z,Never used your service (!) just need…,"Never used your service (!) just need to vent at your over-saturation of Youtube ads. ""Work in a team, you need to try Mondays.com""... Maybe a hundred times?! It's been going on for 8 months, and as much as I hate a bad review of a product, your marketing is part of your product, and if it's irritating, then it's not a good start.",1,2023-01-27T16:16:11Z
https://www.trustpilot.com/review/www.monday.com?page=4,https://www.trustpilot.com/review/www.monday.com?page=4,monday.com,2984,4.1,https://monday.com/lp/aw/crm-software/?utm_source=mb&utm_campaign=trustpilot&utm_medium=crm,4,support@monday.com,1 (201) 778-4567,United States,CRM Provider,Sander de Vries,PL,2022-10-21T08:58:51.000Z,Great software,"Great software, app can be improved a little but by far the best CRM/Project tool/Management tool I ever used and I've custom built them and implemented them a lot.",5,2023-01-27T16:16:11Z
