,target
0,0.0253
1,-0.0085
2,0.0183
3,0.0224
4,0.0154
5,0.0141
6,0.001
7,0.0141999999999999
8,0.0127
9,0.0174
10,-0.0144
11,0.0269
12,0.0059
13,0.0
14,0.0003
15,0.0354
16,0.0044
17,-0.0134
18,0.0311
19,-0.0077
20,-0.0550999999999999
21,0.0143
22,0.0273
23,0.0286
24,0.026
25,-0.0003
26,0.0101
27,0.0072
28,-0.0121
29,-0.0250999999999999
30,0.0214
31,-0.0566
32,-0.0144
33,-0.0163
34,-0.0791
35,-0.0106
36,0.0385999999999999
37,0.0139999999999999
38,0.0013
39,0.0815
40,0.0078
41,0.0399
42,0.0389
43,-0.0433
44,0.0241
45,0.0458
46,-0.0089
47,0.0311
48,-0.0308999999999999
49,0.0037
50,0.0305
51,-0.0406
52,-0.0375
53,0.002
54,0.0905
55,0.0227999999999999
56,0.0069
57,-0.0272
58,0.0134
59,0.0403
60,0.0042
61,0.0542999999999999
62,-0.0394
63,-0.0125
64,-0.0584
65,0.0264
66,0.0146
67,-0.001
68,-0.0718
69,-0.07
70,0.0467999999999999
71,-0.0298
72,0.0506
73,-0.0379
74,-0.0263
75,-0.081
76,0.0513
77,-0.0106
78,-0.11
79,-0.0692
80,-0.0579
81,0.0693
82,0.0449
83,0.0418
84,-0.0227999999999999
85,0.046
86,0.0572
87,0.0484
88,0.0141
89,0.0412999999999999
90,0.0315
91,-0.0398
92,-0.001
93,-0.045
94,0.0379
95,-0.0085
96,-0.0441999999999999
97,-0.0046
98,0.0871
99,0.0249
100,0.0287
101,0.0063
102,0.0029
103,0.0125
104,-0.0243
105,-0.008
106,0.0326
107,-0.0113999999999999
108,0.0052
109,0.046
110,0.0062
111,-0.0329
112,-0.0484999999999999
113,-0.013
114,-0.0567999999999999
115,-0.0294
116,-0.0157
117,0.0504999999999999
118,-0.0382
119,0.0475
120,-0.0083
121,-0.1275
122,0.0060999999999999
123,-0.0017
124,-0.0046999999999999
125,-0.0281
126,-0.0529
127,-0.0467999999999999
128,-0.0283
129,-0.0805
130,-0.0935
131,-0.1177
132,0.161
133,-0.0451
134,-0.0345
135,0.1366
136,0.0556
137,0.0266
138,0.0423
139,0.0519
140,0.0483
141,-0.0659
142,-0.0285
143,-0.0426
144,0.0530999999999999
145,0.0264
146,-0.016
147,0.1216
148,0.0032
149,0.0232
150,-0.0149
151,-0.0134
152,0.0405
153,-0.0107
154,-0.0056
155,0.0207
156,-0.0242
157,0.0036
158,0.0565
159,-0.0405
160,-0.0194
161,-0.0137
162,0.0015
163,-0.0144999999999999
164,0.0471
165,-0.0169
166,-0.0175
167,-0.0027
168,-0.0438
169,0.04
170,0.0027
171,-0.0601
172,-0.0138
173,0.0285
174,0.0788
175,0.0176
176,-0.0169
177,0.0511
178,0.0375
179,-0.0143
180,-0.1191
181,0.0271
182,0.0088
183,0.0423
184,-0.0356
185,0.0567999999999999
186,-0.0006
187,-0.0220999999999999
188,0.0385
189,0.0081999999999999
190,0.0553
191,-0.0081999999999999
192,-0.081
193,0.0521
194,0.0179
195,0.0550999999999999
196,-0.0121999999999999
197,-0.129
198,0.0397
199,0.0526
200,0.0306
201,0.0649
202,0.018
203,0.0219
204,0.0106
205,0.0959
206,-0.0452
207,-0.0504
208,0.0056999999999999
209,0.0356
210,-0.0210999999999999
211,0.0011
212,-0.0236
213,-0.0154
214,-0.0704
215,-0.0717
216,0.0492
217,0.0336
218,-0.0365
219,-0.0324
220,-0.0586
221,-0.0187
222,0.0327
223,-0.0399
224,-0.0308999999999999
225,-0.0319
226,0.1114
227,0.0129
228,0.113
229,0.0467
230,0.0055
231,0.036
232,0.0259
233,0.0282
234,0.0667
235,0.0052
236,0.0306999999999999
237,-0.0407
238,-0.005
239,0.0091
240,-0.0344
241,0.0216
242,-0.0178
243,-0.0192
244,-0.0482
245,0.0063
246,-0.0051
247,-0.0596999999999999
248,0.0182
249,-0.0274
250,0.1027999999999999
251,-0.008
252,-0.0084
253,-0.0176
254,0.0184
255,0.0799
256,0.0121999999999999
257,-0.0084
258,-0.0096
259,0.0509
260,0.0127
261,-0.0074
262,-0.0102
263,-0.0454
264,0.0401999999999999
265,0.0648
266,0.0388
267,0.0065
268,0.0713
269,0.0487999999999999
270,-0.0131
271,0.0462
272,0.0103
273,-0.0645
274,0.0607
275,-0.086
276,0.0466
277,0.0116999999999999
278,-0.0327
279,0.1247
280,0.0438999999999999
281,0.0163999999999999
282,-0.0210999999999999
283,0.0011
284,0.0394
285,0.0385
286,0.0352
287,-0.0259
288,-0.2324
289,-0.0776999999999999
290,0.0681
291,0.0421
292,0.0475
293,-0.0227
294,0.0056
295,-0.0029
296,0.0479
297,-0.0125
298,-0.0331
299,0.033
300,0.0115
301,-0.0229
302,0.0149
303,0.061
304,-0.0225
305,0.0157
306,0.0433
307,0.0335
308,-0.0135
309,0.072
310,0.0144
311,-0.0076
312,-0.0366999999999999
313,0.0103
314,0.0116
315,-0.0785
316,0.0111
317,0.0183
318,-0.0336
319,0.0842
320,-0.0109
321,-0.019
322,-0.1015
323,-0.0612
324,-0.0192
325,0.0635
326,0.0246
327,0.0469
328,0.0719
329,0.0265
330,-0.0028
331,0.0365
332,-0.0494
333,0.0424
334,0.0232
335,-0.0159
336,0.0129
337,-0.0419
338,0.1084
339,-0.0059
340,0.0109
341,-0.0266
342,0.0107
343,0.003
344,-0.0233999999999999
345,0.0377
346,-0.0237999999999999
347,0.0118999999999999
348,0.0102
349,0.0412999999999999
350,0.0153
351,0.0093
352,0.0012
353,0.023
354,-0.0305
355,0.0289
356,0.0031
357,-0.0034
358,0.0371
359,-0.0012
360,0.0141
361,-0.0189
362,0.0165
363,0.0287
364,-0.0255
365,-0.0478
366,0.0068
367,0.0058
368,-0.0302999999999999
369,0.0282
370,0.0401
371,-0.0231
372,0.0134
373,-0.0404
374,0.0086
375,0.018
376,0.0363
377,0.0219
378,0.0210999999999999
379,0.0289999999999999
380,0.0272
381,0.0372
382,0.0055
383,0.0335
384,-0.0152
385,0.0395999999999999
386,0.0103
387,0.0226
388,0.0133
389,0.0073
390,0.0206
391,0.0236
392,-0.0113999999999999
393,-0.0596999999999999
394,0.0277
395,0.0501
396,0.0086
397,0.0625
398,-0.017
399,0.0499
400,-0.0049
401,-0.0503
402,0.0404
403,0.0674
404,0.0409999999999999
405,0.0733
406,-0.0415
407,0.0535
408,-0.038
409,0.0298
410,0.0132
411,0.0015
412,0.0704
413,0.0475999999999999
414,0.0073
415,-0.0306999999999999
416,0.0318
417,-0.0246
418,-0.1607999999999999
419,0.0615
420,0.0713
421,0.061
422,0.0616
423,0.035
424,-0.0408
425,0.0345
426,0.0433
427,-0.0246
428,0.0476999999999999
429,-0.0349
430,-0.0138
431,-0.0279
432,0.0612
433,0.0337
434,0.0771999999999999
435,-0.0474
436,0.0245
437,0.052
438,-0.064
439,-0.0441999999999999
440,0.0464
441,-0.0250999999999999
442,0.0703
443,-0.0545
444,-0.0276
445,-0.1072
446,0.0118999999999999
447,0.0313
448,-0.1005
449,-0.0726
450,0.0794
451,0.0072
452,-0.0194
453,-0.0213
454,-0.0646
455,-0.0925
456,0.0246
457,0.0754
458,0.016
459,-0.0144
460,-0.0229
461,0.0424
462,-0.052
463,-0.0138
464,-0.0721
465,-0.0818
466,0.005
467,-0.1035
468,0.0784
469,0.0596
470,-0.0576
471,-0.0256999999999999
472,-0.0187999999999999
473,0.0109
474,0.0822
475,0.0605
476,0.0141999999999999
477,0.0235
478,0.0233999999999999
479,-0.0124
480,0.0608
481,0.0135
482,0.0429
483,0.0215
484,0.0139999999999999
485,-0.0132
486,-0.0183
487,0.0116999999999999
488,0.0186
489,-0.0406
490,0.0008
491,0.016
492,0.0143
493,0.0454
494,0.0343
495,-0.0276
496,0.0189
497,-0.0197
498,-0.0260999999999999
499,0.0365
500,0.0056999999999999
501,0.0392
502,-0.0121999999999999
503,0.0049
504,-0.0202
505,0.0361
506,-0.0025
507,0.0304
508,-0.003
509,0.0146
510,0.0073
511,-0.0356999999999999
512,-0.0034999999999999
513,-0.0078
514,0.0203
515,0.0184
516,0.0323
517,0.0171
518,0.0087
519,0.0139999999999999
520,-0.0196
521,0.0068
522,0.0349
523,0.0324
524,-0.0196
525,-0.0373
526,0.0092
527,0.0322
528,0.018
529,-0.0483
530,-0.0087
531,-0.0636
532,-0.0308999999999999
533,-0.0093
534,0.046
535,0.0186
536,-0.0843999999999999
537,-0.0077
538,0.0153
539,-0.0924
540,-0.1723
541,-0.0786
542,0.0174
543,-0.0812
544,-0.1009999999999999
545,0.0895
546,0.1018
547,0.0521
548,0.0043
549,0.0771999999999999
550,0.0333
551,0.0408
552,-0.0259
553,0.0556
554,0.0275
555,-0.0336
556,0.034
557,0.0630999999999999
558,0.02
559,-0.0789
560,-0.0557
561,0.0693
562,-0.0476999999999999
563,0.0953999999999999
564,0.0388
565,0.006
566,0.0682
567,0.0199
568,0.0349
569,0.0046
570,0.0289999999999999
571,-0.0127
572,-0.0175
573,-0.0235
574,-0.0599
575,-0.0759
576,0.1134999999999999
577,-0.0028
578,0.0074
579,0.0504999999999999
580,0.0441999999999999
581,0.0311
582,-0.0085
583,-0.0619
584,0.0389
585,0.0079
586,0.0255
587,0.0273
588,-0.0176
589,0.0078
590,0.0118
591,0.0557
592,0.0129
593,0.0403
594,0.0155
595,0.0279999999999999
596,-0.012
597,0.0565
598,-0.0271
599,0.0377
600,0.0418
601,0.0313
602,0.0281
603,-0.0332
604,0.0465
605,0.0043
606,-0.0019
607,0.0206
608,0.0260999999999999
609,-0.0204
610,0.0424
611,-0.0197
612,0.0252
613,0.0255
614,-0.0006
615,-0.0311
616,0.0613
617,-0.0112
618,0.0059
619,0.0136
620,-0.0153
621,0.0154
622,-0.0604
623,-0.0306999999999999
624,0.0775
625,0.0056
626,-0.0217
627,-0.0576999999999999
628,-0.0007
629,0.0696
630,0.0091
631,0.0178
632,-0.0005
633,0.0395
634,0.0049
635,0.0025
636,-0.0202
637,0.0486
638,0.0181
639,0.0194
640,0.0356999999999999
641,0.0017
642,0.0109
643,0.0106
644,0.0078
645,0.0187
646,0.0016
647,0.0250999999999999
648,0.0225
649,0.0312
650,0.0106
651,0.0557
652,-0.0365
653,-0.0235
654,0.0028
655,0.0265
656,0.0048
657,0.0319
658,0.0344
659,0.0006
660,-0.0768
661,0.0169
662,-0.0957
663,0.084
664,0.034
665,0.011
666,0.0397
667,-0.0694
668,0.0693
669,0.0118999999999999
670,-0.0258
671,0.0143
672,0.0206
673,0.0387
674,0.0277
